2025-02-13 11:00:29,648 - DEBUG - Attempting to connect to mongodb://mongoUser:EEczLZF0Jx@apa-svc-6c3a4bd7-53c6-43ce-afdf-6668d507b898.apps.apa.comcast.net:27017/mongoDb
2025-02-13 11:00:34,623 - DEBUG - Updated holiday: New Year's Day on 2024-01-01
2025-02-13 11:00:34,623 - DEBUG - Updated holiday: New Year's Day on 2024-01-01
2025-02-13 11:00:34,623 - DEBUG - Calling update_holiday_entry to seed the holidays as the app starts
2025-02-13 11:00:34,623 - DEBUG - Calling update_holiday_entry to seed the holidays as the app starts
2025-02-13 11:00:35,081 - DEBUG - Updated holiday: PONGAL on 2024-01-15
2025-02-13 11:00:35,081 - DEBUG - Updated holiday: PONGAL on 2024-01-15
2025-02-13 11:00:35,081 - DEBUG - Calling update_holiday_entry to seed the holidays as the app starts
2025-02-13 11:00:35,081 - DEBUG - Calling update_holiday_entry to seed the holidays as the app starts
2025-02-13 11:00:35,541 - DEBUG - Updated holiday: Thiruvalluvar Day on 2024-01-16
2025-02-13 11:00:35,541 - DEBUG - Updated holiday: Thiruvalluvar Day on 2024-01-16
2025-02-13 11:00:35,541 - DEBUG - Calling update_holiday_entry to seed the holidays as the app starts
2025-02-13 11:00:35,541 - DEBUG - Calling update_holiday_entry to seed the holidays as the app starts
2025-02-13 11:00:36,027 - DEBUG - Updated holiday: Republic Day on 2024-01-26
2025-02-13 11:00:36,027 - DEBUG - Updated holiday: Republic Day on 2024-01-26
2025-02-13 11:00:36,027 - DEBUG - Calling update_holiday_entry to seed the holidays as the app starts
2025-02-13 11:00:36,027 - DEBUG - Calling update_holiday_entry to seed the holidays as the app starts
2025-02-13 11:00:36,490 - DEBUG - Updated holiday: Holi on 2024-03-25
2025-02-13 11:00:36,490 - DEBUG - Updated holiday: Holi on 2024-03-25
2025-02-13 11:00:36,491 - DEBUG - Calling update_holiday_entry to seed the holidays as the app starts
2025-02-13 11:00:36,491 - DEBUG - Calling update_holiday_entry to seed the holidays as the app starts
2025-02-13 11:00:36,949 - DEBUG - Updated holiday: Good Friday on 2024-03-29
2025-02-13 11:00:36,949 - DEBUG - Updated holiday: Good Friday on 2024-03-29
2025-02-13 11:00:36,949 - DEBUG - Calling update_holiday_entry to seed the holidays as the app starts
2025-02-13 11:00:36,949 - DEBUG - Calling update_holiday_entry to seed the holidays as the app starts
2025-02-13 11:00:37,407 - DEBUG - Updated holiday: Telugu New Year's Day on 2024-04-09
2025-02-13 11:00:37,407 - DEBUG - Updated holiday: Telugu New Year's Day on 2024-04-09
2025-02-13 11:00:37,407 - DEBUG - Calling update_holiday_entry to seed the holidays as the app starts
2025-02-13 11:00:37,407 - DEBUG - Calling update_holiday_entry to seed the holidays as the app starts
2025-02-13 11:00:37,879 - DEBUG - Updated holiday: Ramzan on 2024-04-11
2025-02-13 11:00:37,879 - DEBUG - Updated holiday: Ramzan on 2024-04-11
2025-02-13 11:00:37,879 - DEBUG - Calling update_holiday_entry to seed the holidays as the app starts
2025-02-13 11:00:37,879 - DEBUG - Calling update_holiday_entry to seed the holidays as the app starts
2025-02-13 11:00:38,337 - DEBUG - Updated holiday: Tamil New Year/BR Ambedkar Birthday on 2024-04-14
2025-02-13 11:00:38,337 - DEBUG - Updated holiday: Tamil New Year/BR Ambedkar Birthday on 2024-04-14
2025-02-13 11:00:38,337 - DEBUG - Calling update_holiday_entry to seed the holidays as the app starts
2025-02-13 11:00:38,337 - DEBUG - Calling update_holiday_entry to seed the holidays as the app starts
2025-02-13 11:00:38,794 - DEBUG - Updated holiday: May Day on 2024-05-01
2025-02-13 11:00:38,794 - DEBUG - Updated holiday: May Day on 2024-05-01
2025-02-13 11:00:38,794 - DEBUG - Calling update_holiday_entry to seed the holidays as the app starts
2025-02-13 11:00:38,794 - DEBUG - Calling update_holiday_entry to seed the holidays as the app starts
2025-02-13 11:00:39,254 - DEBUG - Updated holiday: Bakrid on 2024-06-17
2025-02-13 11:00:39,254 - DEBUG - Updated holiday: Bakrid on 2024-06-17
2025-02-13 11:00:39,254 - DEBUG - Calling update_holiday_entry to seed the holidays as the app starts
2025-02-13 11:00:39,254 - DEBUG - Calling update_holiday_entry to seed the holidays as the app starts
2025-02-13 11:00:39,710 - DEBUG - Updated holiday: Independence Day on 2024-08-15
2025-02-13 11:00:39,710 - DEBUG - Updated holiday: Independence Day on 2024-08-15
2025-02-13 11:00:39,710 - DEBUG - Calling update_holiday_entry to seed the holidays as the app starts
2025-02-13 11:00:39,710 - DEBUG - Calling update_holiday_entry to seed the holidays as the app starts
2025-02-13 11:00:40,174 - DEBUG - Updated holiday: Krishna Jayanthi on 2024-08-26
2025-02-13 11:00:40,174 - DEBUG - Updated holiday: Krishna Jayanthi on 2024-08-26
2025-02-13 11:00:40,174 - DEBUG - Calling update_holiday_entry to seed the holidays as the app starts
2025-02-13 11:00:40,174 - DEBUG - Calling update_holiday_entry to seed the holidays as the app starts
2025-02-13 11:00:40,645 - DEBUG - Updated holiday: Vinayakar Chathurthi on 2024-09-07
2025-02-13 11:00:40,645 - DEBUG - Updated holiday: Vinayakar Chathurthi on 2024-09-07
2025-02-13 11:00:40,645 - DEBUG - Calling update_holiday_entry to seed the holidays as the app starts
2025-02-13 11:00:40,645 - DEBUG - Calling update_holiday_entry to seed the holidays as the app starts
2025-02-13 11:00:41,102 - DEBUG - Updated holiday: Milad-un-Nabi on 2024-09-16
2025-02-13 11:00:41,102 - DEBUG - Updated holiday: Milad-un-Nabi on 2024-09-16
2025-02-13 11:00:41,102 - DEBUG - Calling update_holiday_entry to seed the holidays as the app starts
2025-02-13 11:00:41,102 - DEBUG - Calling update_holiday_entry to seed the holidays as the app starts
2025-02-13 11:00:41,559 - DEBUG - Updated holiday: Gandhi Jayanthi,NATIONAL on 2024-10-02
2025-02-13 11:00:41,559 - DEBUG - Updated holiday: Gandhi Jayanthi,NATIONAL on 2024-10-02
2025-02-13 11:00:41,559 - DEBUG - Calling update_holiday_entry to seed the holidays as the app starts
2025-02-13 11:00:41,559 - DEBUG - Calling update_holiday_entry to seed the holidays as the app starts
2025-02-13 11:00:42,021 - DEBUG - Updated holiday: Ayutha Pooja on 2024-10-11
2025-02-13 11:00:42,021 - DEBUG - Updated holiday: Ayutha Pooja on 2024-10-11
2025-02-13 11:00:42,021 - DEBUG - Calling update_holiday_entry to seed the holidays as the app starts
2025-02-13 11:00:42,021 - DEBUG - Calling update_holiday_entry to seed the holidays as the app starts
2025-02-13 11:00:42,493 - DEBUG - Updated holiday: Diwali on 2024-10-31
2025-02-13 11:00:42,493 - DEBUG - Updated holiday: Diwali on 2024-10-31
2025-02-13 11:00:42,493 - DEBUG - Calling update_holiday_entry to seed the holidays as the app starts
2025-02-13 11:00:42,493 - DEBUG - Calling update_holiday_entry to seed the holidays as the app starts
2025-02-13 11:00:42,972 - DEBUG - Updated holiday: Christmas on 2024-12-25
2025-02-13 11:00:42,972 - DEBUG - Updated holiday: Christmas on 2024-12-25
2025-02-13 11:00:42,974 - DEBUG - Calling update_holiday_entry to seed the holidays as the app starts
2025-02-13 11:00:42,974 - DEBUG - Calling update_holiday_entry to seed the holidays as the app starts
2025-02-13 11:00:42,974 - DEBUG - Seeding Mongo DB!!: None
2025-02-13 11:00:42,974 - DEBUG - Seeding Mongo DB!!: None
2025-02-13 11:03:33,924 - DEBUG - Attempting to connect to mongodb://mongoUser:EEczLZF0Jx@apa-svc-6c3a4bd7-53c6-43ce-afdf-6668d507b898.apps.apa.comcast.net:27017/mongoDb
2025-02-13 11:03:37,906 - DEBUG - Updated holiday: New Year's Day on 2024-01-01
2025-02-13 11:03:37,906 - DEBUG - Updated holiday: New Year's Day on 2024-01-01
2025-02-13 11:03:37,906 - DEBUG - Calling update_holiday_entry to seed the holidays as the app starts
2025-02-13 11:03:37,906 - DEBUG - Calling update_holiday_entry to seed the holidays as the app starts
2025-02-13 11:03:38,376 - DEBUG - Updated holiday: PONGAL on 2024-01-15
2025-02-13 11:03:38,376 - DEBUG - Updated holiday: PONGAL on 2024-01-15
2025-02-13 11:03:38,376 - DEBUG - Calling update_holiday_entry to seed the holidays as the app starts
2025-02-13 11:03:38,376 - DEBUG - Calling update_holiday_entry to seed the holidays as the app starts
2025-02-13 11:03:38,835 - DEBUG - Updated holiday: Thiruvalluvar Day on 2024-01-16
2025-02-13 11:03:38,835 - DEBUG - Updated holiday: Thiruvalluvar Day on 2024-01-16
2025-02-13 11:03:38,837 - DEBUG - Calling update_holiday_entry to seed the holidays as the app starts
2025-02-13 11:03:38,837 - DEBUG - Calling update_holiday_entry to seed the holidays as the app starts
2025-02-13 11:03:39,301 - DEBUG - Updated holiday: Republic Day on 2024-01-26
2025-02-13 11:03:39,301 - DEBUG - Updated holiday: Republic Day on 2024-01-26
2025-02-13 11:03:39,303 - DEBUG - Calling update_holiday_entry to seed the holidays as the app starts
2025-02-13 11:03:39,303 - DEBUG - Calling update_holiday_entry to seed the holidays as the app starts
2025-02-13 11:03:39,763 - DEBUG - Updated holiday: Holi on 2024-03-25
2025-02-13 11:03:39,763 - DEBUG - Updated holiday: Holi on 2024-03-25
2025-02-13 11:03:39,763 - DEBUG - Calling update_holiday_entry to seed the holidays as the app starts
2025-02-13 11:03:39,763 - DEBUG - Calling update_holiday_entry to seed the holidays as the app starts
2025-02-13 11:03:40,223 - DEBUG - Updated holiday: Good Friday on 2024-03-29
2025-02-13 11:03:40,223 - DEBUG - Updated holiday: Good Friday on 2024-03-29
2025-02-13 11:03:40,223 - DEBUG - Calling update_holiday_entry to seed the holidays as the app starts
2025-02-13 11:03:40,223 - DEBUG - Calling update_holiday_entry to seed the holidays as the app starts
2025-02-13 11:03:40,691 - DEBUG - Updated holiday: Telugu New Year's Day on 2024-04-09
2025-02-13 11:03:40,691 - DEBUG - Updated holiday: Telugu New Year's Day on 2024-04-09
2025-02-13 11:03:40,692 - DEBUG - Calling update_holiday_entry to seed the holidays as the app starts
2025-02-13 11:03:40,692 - DEBUG - Calling update_holiday_entry to seed the holidays as the app starts
2025-02-13 11:03:41,214 - DEBUG - Updated holiday: Ramzan on 2024-04-11
2025-02-13 11:03:41,214 - DEBUG - Updated holiday: Ramzan on 2024-04-11
2025-02-13 11:03:41,214 - DEBUG - Calling update_holiday_entry to seed the holidays as the app starts
2025-02-13 11:03:41,214 - DEBUG - Calling update_holiday_entry to seed the holidays as the app starts
2025-02-13 11:03:41,696 - DEBUG - Updated holiday: Tamil New Year/BR Ambedkar Birthday on 2024-04-14
2025-02-13 11:03:41,696 - DEBUG - Updated holiday: Tamil New Year/BR Ambedkar Birthday on 2024-04-14
2025-02-13 11:03:41,697 - DEBUG - Calling update_holiday_entry to seed the holidays as the app starts
2025-02-13 11:03:41,697 - DEBUG - Calling update_holiday_entry to seed the holidays as the app starts
2025-02-13 11:03:42,167 - DEBUG - Updated holiday: May Day on 2024-05-01
2025-02-13 11:03:42,167 - DEBUG - Updated holiday: May Day on 2024-05-01
2025-02-13 11:03:42,167 - DEBUG - Calling update_holiday_entry to seed the holidays as the app starts
2025-02-13 11:03:42,167 - DEBUG - Calling update_holiday_entry to seed the holidays as the app starts
2025-02-13 11:03:42,637 - DEBUG - Updated holiday: Bakrid on 2024-06-17
2025-02-13 11:03:42,637 - DEBUG - Updated holiday: Bakrid on 2024-06-17
2025-02-13 11:03:42,637 - DEBUG - Calling update_holiday_entry to seed the holidays as the app starts
2025-02-13 11:03:42,637 - DEBUG - Calling update_holiday_entry to seed the holidays as the app starts
2025-02-13 11:03:43,108 - DEBUG - Updated holiday: Independence Day on 2024-08-15
2025-02-13 11:03:43,108 - DEBUG - Updated holiday: Independence Day on 2024-08-15
2025-02-13 11:03:43,109 - DEBUG - Calling update_holiday_entry to seed the holidays as the app starts
2025-02-13 11:03:43,109 - DEBUG - Calling update_holiday_entry to seed the holidays as the app starts
2025-02-13 11:03:43,578 - DEBUG - Updated holiday: Krishna Jayanthi on 2024-08-26
2025-02-13 11:03:43,578 - DEBUG - Updated holiday: Krishna Jayanthi on 2024-08-26
2025-02-13 11:03:43,579 - DEBUG - Calling update_holiday_entry to seed the holidays as the app starts
2025-02-13 11:03:43,579 - DEBUG - Calling update_holiday_entry to seed the holidays as the app starts
2025-02-13 11:03:44,042 - DEBUG - Updated holiday: Vinayakar Chathurthi on 2024-09-07
2025-02-13 11:03:44,042 - DEBUG - Updated holiday: Vinayakar Chathurthi on 2024-09-07
2025-02-13 11:03:44,043 - DEBUG - Calling update_holiday_entry to seed the holidays as the app starts
2025-02-13 11:03:44,043 - DEBUG - Calling update_holiday_entry to seed the holidays as the app starts
2025-02-13 11:03:44,509 - DEBUG - Updated holiday: Milad-un-Nabi on 2024-09-16
2025-02-13 11:03:44,509 - DEBUG - Updated holiday: Milad-un-Nabi on 2024-09-16
2025-02-13 11:03:44,509 - DEBUG - Calling update_holiday_entry to seed the holidays as the app starts
2025-02-13 11:03:44,509 - DEBUG - Calling update_holiday_entry to seed the holidays as the app starts
2025-02-13 11:03:44,970 - DEBUG - Updated holiday: Gandhi Jayanthi,NATIONAL on 2024-10-02
2025-02-13 11:03:44,970 - DEBUG - Updated holiday: Gandhi Jayanthi,NATIONAL on 2024-10-02
2025-02-13 11:03:44,970 - DEBUG - Calling update_holiday_entry to seed the holidays as the app starts
2025-02-13 11:03:44,970 - DEBUG - Calling update_holiday_entry to seed the holidays as the app starts
2025-02-13 11:03:45,437 - DEBUG - Updated holiday: Ayutha Pooja on 2024-10-11
2025-02-13 11:03:45,437 - DEBUG - Updated holiday: Ayutha Pooja on 2024-10-11
2025-02-13 11:03:45,437 - DEBUG - Calling update_holiday_entry to seed the holidays as the app starts
2025-02-13 11:03:45,437 - DEBUG - Calling update_holiday_entry to seed the holidays as the app starts
2025-02-13 11:03:45,900 - DEBUG - Updated holiday: Diwali on 2024-10-31
2025-02-13 11:03:45,900 - DEBUG - Updated holiday: Diwali on 2024-10-31
2025-02-13 11:03:45,900 - DEBUG - Calling update_holiday_entry to seed the holidays as the app starts
2025-02-13 11:03:45,900 - DEBUG - Calling update_holiday_entry to seed the holidays as the app starts
2025-02-13 11:03:46,357 - DEBUG - Updated holiday: Christmas on 2024-12-25
2025-02-13 11:03:46,357 - DEBUG - Updated holiday: Christmas on 2024-12-25
2025-02-13 11:03:46,357 - DEBUG - Calling update_holiday_entry to seed the holidays as the app starts
2025-02-13 11:03:46,357 - DEBUG - Calling update_holiday_entry to seed the holidays as the app starts
2025-02-13 11:03:46,358 - DEBUG - Seeding Mongo DB!!: None
2025-02-13 11:03:46,358 - DEBUG - Seeding Mongo DB!!: None
2025-02-13 11:03:49,335 - DEBUG - Attempting to connect to mongodb://mongoUser:EEczLZF0Jx@apa-svc-6c3a4bd7-53c6-43ce-afdf-6668d507b898.apps.apa.comcast.net:27017/mongoDb
2025-02-13 11:03:52,981 - DEBUG - Updated holiday: New Year's Day on 2024-01-01
2025-02-13 11:03:52,981 - DEBUG - Updated holiday: New Year's Day on 2024-01-01
2025-02-13 11:03:52,981 - DEBUG - Calling update_holiday_entry to seed the holidays as the app starts
2025-02-13 11:03:52,981 - DEBUG - Calling update_holiday_entry to seed the holidays as the app starts
2025-02-13 11:03:53,449 - DEBUG - Updated holiday: PONGAL on 2024-01-15
2025-02-13 11:03:53,449 - DEBUG - Updated holiday: PONGAL on 2024-01-15
2025-02-13 11:03:53,449 - DEBUG - Calling update_holiday_entry to seed the holidays as the app starts
2025-02-13 11:03:53,449 - DEBUG - Calling update_holiday_entry to seed the holidays as the app starts
2025-02-13 11:03:53,910 - DEBUG - Updated holiday: Thiruvalluvar Day on 2024-01-16
2025-02-13 11:03:53,910 - DEBUG - Updated holiday: Thiruvalluvar Day on 2024-01-16
2025-02-13 11:03:53,910 - DEBUG - Calling update_holiday_entry to seed the holidays as the app starts
2025-02-13 11:03:53,910 - DEBUG - Calling update_holiday_entry to seed the holidays as the app starts
2025-02-13 11:03:54,368 - DEBUG - Updated holiday: Republic Day on 2024-01-26
2025-02-13 11:03:54,368 - DEBUG - Updated holiday: Republic Day on 2024-01-26
2025-02-13 11:03:54,369 - DEBUG - Calling update_holiday_entry to seed the holidays as the app starts
2025-02-13 11:03:54,369 - DEBUG - Calling update_holiday_entry to seed the holidays as the app starts
2025-02-13 11:03:54,829 - DEBUG - Updated holiday: Holi on 2024-03-25
2025-02-13 11:03:54,829 - DEBUG - Updated holiday: Holi on 2024-03-25
2025-02-13 11:03:54,829 - DEBUG - Calling update_holiday_entry to seed the holidays as the app starts
2025-02-13 11:03:54,829 - DEBUG - Calling update_holiday_entry to seed the holidays as the app starts
2025-02-13 11:03:55,288 - DEBUG - Updated holiday: Good Friday on 2024-03-29
2025-02-13 11:03:55,288 - DEBUG - Updated holiday: Good Friday on 2024-03-29
2025-02-13 11:03:55,288 - DEBUG - Calling update_holiday_entry to seed the holidays as the app starts
2025-02-13 11:03:55,288 - DEBUG - Calling update_holiday_entry to seed the holidays as the app starts
2025-02-13 11:03:55,746 - DEBUG - Updated holiday: Telugu New Year's Day on 2024-04-09
2025-02-13 11:03:55,746 - DEBUG - Updated holiday: Telugu New Year's Day on 2024-04-09
2025-02-13 11:03:55,747 - DEBUG - Calling update_holiday_entry to seed the holidays as the app starts
2025-02-13 11:03:55,747 - DEBUG - Calling update_holiday_entry to seed the holidays as the app starts
2025-02-13 11:03:56,218 - DEBUG - Updated holiday: Ramzan on 2024-04-11
2025-02-13 11:03:56,218 - DEBUG - Updated holiday: Ramzan on 2024-04-11
2025-02-13 11:03:56,218 - DEBUG - Calling update_holiday_entry to seed the holidays as the app starts
2025-02-13 11:03:56,218 - DEBUG - Calling update_holiday_entry to seed the holidays as the app starts
2025-02-13 11:03:56,680 - DEBUG - Updated holiday: Tamil New Year/BR Ambedkar Birthday on 2024-04-14
2025-02-13 11:03:56,680 - DEBUG - Updated holiday: Tamil New Year/BR Ambedkar Birthday on 2024-04-14
2025-02-13 11:03:56,680 - DEBUG - Calling update_holiday_entry to seed the holidays as the app starts
2025-02-13 11:03:56,680 - DEBUG - Calling update_holiday_entry to seed the holidays as the app starts
2025-02-13 11:03:57,137 - DEBUG - Updated holiday: May Day on 2024-05-01
2025-02-13 11:03:57,137 - DEBUG - Updated holiday: May Day on 2024-05-01
2025-02-13 11:03:57,137 - DEBUG - Calling update_holiday_entry to seed the holidays as the app starts
2025-02-13 11:03:57,137 - DEBUG - Calling update_holiday_entry to seed the holidays as the app starts
2025-02-13 11:03:57,602 - DEBUG - Updated holiday: Bakrid on 2024-06-17
2025-02-13 11:03:57,602 - DEBUG - Updated holiday: Bakrid on 2024-06-17
2025-02-13 11:03:57,602 - DEBUG - Calling update_holiday_entry to seed the holidays as the app starts
2025-02-13 11:03:57,602 - DEBUG - Calling update_holiday_entry to seed the holidays as the app starts
2025-02-13 11:03:58,060 - DEBUG - Updated holiday: Independence Day on 2024-08-15
2025-02-13 11:03:58,060 - DEBUG - Updated holiday: Independence Day on 2024-08-15
2025-02-13 11:03:58,060 - DEBUG - Calling update_holiday_entry to seed the holidays as the app starts
2025-02-13 11:03:58,060 - DEBUG - Calling update_holiday_entry to seed the holidays as the app starts
2025-02-13 11:03:58,518 - DEBUG - Updated holiday: Krishna Jayanthi on 2024-08-26
2025-02-13 11:03:58,518 - DEBUG - Updated holiday: Krishna Jayanthi on 2024-08-26
2025-02-13 11:03:58,518 - DEBUG - Calling update_holiday_entry to seed the holidays as the app starts
2025-02-13 11:03:58,518 - DEBUG - Calling update_holiday_entry to seed the holidays as the app starts
2025-02-13 11:03:58,977 - DEBUG - Updated holiday: Vinayakar Chathurthi on 2024-09-07
2025-02-13 11:03:58,977 - DEBUG - Updated holiday: Vinayakar Chathurthi on 2024-09-07
2025-02-13 11:03:58,977 - DEBUG - Calling update_holiday_entry to seed the holidays as the app starts
2025-02-13 11:03:58,977 - DEBUG - Calling update_holiday_entry to seed the holidays as the app starts
2025-02-13 11:03:59,451 - DEBUG - Updated holiday: Milad-un-Nabi on 2024-09-16
2025-02-13 11:03:59,451 - DEBUG - Updated holiday: Milad-un-Nabi on 2024-09-16
2025-02-13 11:03:59,451 - DEBUG - Calling update_holiday_entry to seed the holidays as the app starts
2025-02-13 11:03:59,451 - DEBUG - Calling update_holiday_entry to seed the holidays as the app starts
2025-02-13 11:03:59,913 - DEBUG - Updated holiday: Gandhi Jayanthi,NATIONAL on 2024-10-02
2025-02-13 11:03:59,913 - DEBUG - Updated holiday: Gandhi Jayanthi,NATIONAL on 2024-10-02
2025-02-13 11:03:59,913 - DEBUG - Calling update_holiday_entry to seed the holidays as the app starts
2025-02-13 11:03:59,913 - DEBUG - Calling update_holiday_entry to seed the holidays as the app starts
2025-02-13 11:04:00,370 - DEBUG - Updated holiday: Ayutha Pooja on 2024-10-11
2025-02-13 11:04:00,370 - DEBUG - Updated holiday: Ayutha Pooja on 2024-10-11
2025-02-13 11:04:00,371 - DEBUG - Calling update_holiday_entry to seed the holidays as the app starts
2025-02-13 11:04:00,371 - DEBUG - Calling update_holiday_entry to seed the holidays as the app starts
2025-02-13 11:04:00,830 - DEBUG - Updated holiday: Diwali on 2024-10-31
2025-02-13 11:04:00,830 - DEBUG - Updated holiday: Diwali on 2024-10-31
2025-02-13 11:04:00,830 - DEBUG - Calling update_holiday_entry to seed the holidays as the app starts
2025-02-13 11:04:00,830 - DEBUG - Calling update_holiday_entry to seed the holidays as the app starts
2025-02-13 11:04:01,288 - DEBUG - Updated holiday: Christmas on 2024-12-25
2025-02-13 11:04:01,288 - DEBUG - Updated holiday: Christmas on 2024-12-25
2025-02-13 11:04:01,288 - DEBUG - Calling update_holiday_entry to seed the holidays as the app starts
2025-02-13 11:04:01,288 - DEBUG - Calling update_holiday_entry to seed the holidays as the app starts
2025-02-13 11:04:01,289 - DEBUG - Seeding Mongo DB!!: None
2025-02-13 11:04:01,289 - DEBUG - Seeding Mongo DB!!: None
2025-02-13 11:05:17,323 - DEBUG - Attempting to connect to mongodb://mongoUser:EEczLZF0Jx@apa-svc-6c3a4bd7-53c6-43ce-afdf-6668d507b898.apps.apa.comcast.net:27017/mongoDb
2025-02-13 11:05:23,164 - DEBUG - Updated holiday: New Year's Day on 2024-01-01
2025-02-13 11:05:23,164 - DEBUG - Updated holiday: New Year's Day on 2024-01-01
2025-02-13 11:05:23,166 - DEBUG - Calling update_holiday_entry to seed the holidays as the app starts
2025-02-13 11:05:23,166 - DEBUG - Calling update_holiday_entry to seed the holidays as the app starts
2025-02-13 11:05:23,668 - DEBUG - Updated holiday: PONGAL on 2024-01-15
2025-02-13 11:05:23,668 - DEBUG - Updated holiday: PONGAL on 2024-01-15
2025-02-13 11:05:23,669 - DEBUG - Calling update_holiday_entry to seed the holidays as the app starts
2025-02-13 11:05:23,669 - DEBUG - Calling update_holiday_entry to seed the holidays as the app starts
2025-02-13 11:05:24,219 - DEBUG - Updated holiday: Thiruvalluvar Day on 2024-01-16
2025-02-13 11:05:24,219 - DEBUG - Updated holiday: Thiruvalluvar Day on 2024-01-16
2025-02-13 11:05:24,220 - DEBUG - Calling update_holiday_entry to seed the holidays as the app starts
2025-02-13 11:05:24,220 - DEBUG - Calling update_holiday_entry to seed the holidays as the app starts
2025-02-13 11:05:24,713 - DEBUG - Updated holiday: Republic Day on 2024-01-26
2025-02-13 11:05:24,713 - DEBUG - Updated holiday: Republic Day on 2024-01-26
2025-02-13 11:05:24,714 - DEBUG - Calling update_holiday_entry to seed the holidays as the app starts
2025-02-13 11:05:24,714 - DEBUG - Calling update_holiday_entry to seed the holidays as the app starts
2025-02-13 11:05:25,204 - DEBUG - Updated holiday: Holi on 2024-03-25
2025-02-13 11:05:25,204 - DEBUG - Updated holiday: Holi on 2024-03-25
2025-02-13 11:05:25,205 - DEBUG - Calling update_holiday_entry to seed the holidays as the app starts
2025-02-13 11:05:25,205 - DEBUG - Calling update_holiday_entry to seed the holidays as the app starts
2025-02-13 11:05:25,738 - DEBUG - Updated holiday: Good Friday on 2024-03-29
2025-02-13 11:05:25,738 - DEBUG - Updated holiday: Good Friday on 2024-03-29
2025-02-13 11:05:25,740 - DEBUG - Calling update_holiday_entry to seed the holidays as the app starts
2025-02-13 11:05:25,740 - DEBUG - Calling update_holiday_entry to seed the holidays as the app starts
2025-02-13 11:05:26,241 - DEBUG - Updated holiday: Telugu New Year's Day on 2024-04-09
2025-02-13 11:05:26,241 - DEBUG - Updated holiday: Telugu New Year's Day on 2024-04-09
2025-02-13 11:05:26,242 - DEBUG - Calling update_holiday_entry to seed the holidays as the app starts
2025-02-13 11:05:26,242 - DEBUG - Calling update_holiday_entry to seed the holidays as the app starts
2025-02-13 11:05:26,739 - DEBUG - Updated holiday: Ramzan on 2024-04-11
2025-02-13 11:05:26,739 - DEBUG - Updated holiday: Ramzan on 2024-04-11
2025-02-13 11:05:26,740 - DEBUG - Calling update_holiday_entry to seed the holidays as the app starts
2025-02-13 11:05:26,740 - DEBUG - Calling update_holiday_entry to seed the holidays as the app starts
2025-02-13 11:05:27,233 - DEBUG - Updated holiday: Tamil New Year/BR Ambedkar Birthday on 2024-04-14
2025-02-13 11:05:27,233 - DEBUG - Updated holiday: Tamil New Year/BR Ambedkar Birthday on 2024-04-14
2025-02-13 11:05:27,233 - DEBUG - Calling update_holiday_entry to seed the holidays as the app starts
2025-02-13 11:05:27,233 - DEBUG - Calling update_holiday_entry to seed the holidays as the app starts
2025-02-13 11:05:27,729 - DEBUG - Updated holiday: May Day on 2024-05-01
2025-02-13 11:05:27,729 - DEBUG - Updated holiday: May Day on 2024-05-01
2025-02-13 11:05:27,729 - DEBUG - Calling update_holiday_entry to seed the holidays as the app starts
2025-02-13 11:05:27,729 - DEBUG - Calling update_holiday_entry to seed the holidays as the app starts
2025-02-13 11:05:28,217 - DEBUG - Updated holiday: Bakrid on 2024-06-17
2025-02-13 11:05:28,217 - DEBUG - Updated holiday: Bakrid on 2024-06-17
2025-02-13 11:05:28,217 - DEBUG - Calling update_holiday_entry to seed the holidays as the app starts
2025-02-13 11:05:28,217 - DEBUG - Calling update_holiday_entry to seed the holidays as the app starts
2025-02-13 11:05:28,710 - DEBUG - Updated holiday: Independence Day on 2024-08-15
2025-02-13 11:05:28,710 - DEBUG - Updated holiday: Independence Day on 2024-08-15
2025-02-13 11:05:28,710 - DEBUG - Calling update_holiday_entry to seed the holidays as the app starts
2025-02-13 11:05:28,710 - DEBUG - Calling update_holiday_entry to seed the holidays as the app starts
2025-02-13 11:05:29,196 - DEBUG - Updated holiday: Krishna Jayanthi on 2024-08-26
2025-02-13 11:05:29,196 - DEBUG - Updated holiday: Krishna Jayanthi on 2024-08-26
2025-02-13 11:05:29,197 - DEBUG - Calling update_holiday_entry to seed the holidays as the app starts
2025-02-13 11:05:29,197 - DEBUG - Calling update_holiday_entry to seed the holidays as the app starts
2025-02-13 11:05:29,726 - DEBUG - Updated holiday: Vinayakar Chathurthi on 2024-09-07
2025-02-13 11:05:29,726 - DEBUG - Updated holiday: Vinayakar Chathurthi on 2024-09-07
2025-02-13 11:05:29,727 - DEBUG - Calling update_holiday_entry to seed the holidays as the app starts
2025-02-13 11:05:29,727 - DEBUG - Calling update_holiday_entry to seed the holidays as the app starts
2025-02-13 11:05:30,241 - DEBUG - Updated holiday: Milad-un-Nabi on 2024-09-16
2025-02-13 11:05:30,241 - DEBUG - Updated holiday: Milad-un-Nabi on 2024-09-16
2025-02-13 11:05:30,241 - DEBUG - Calling update_holiday_entry to seed the holidays as the app starts
2025-02-13 11:05:30,241 - DEBUG - Calling update_holiday_entry to seed the holidays as the app starts
2025-02-13 11:05:30,732 - DEBUG - Updated holiday: Gandhi Jayanthi,NATIONAL on 2024-10-02
2025-02-13 11:05:30,732 - DEBUG - Updated holiday: Gandhi Jayanthi,NATIONAL on 2024-10-02
2025-02-13 11:05:30,732 - DEBUG - Calling update_holiday_entry to seed the holidays as the app starts
2025-02-13 11:05:30,732 - DEBUG - Calling update_holiday_entry to seed the holidays as the app starts
2025-02-13 11:05:31,223 - DEBUG - Updated holiday: Ayutha Pooja on 2024-10-11
2025-02-13 11:05:31,223 - DEBUG - Updated holiday: Ayutha Pooja on 2024-10-11
2025-02-13 11:05:31,223 - DEBUG - Calling update_holiday_entry to seed the holidays as the app starts
2025-02-13 11:05:31,223 - DEBUG - Calling update_holiday_entry to seed the holidays as the app starts
2025-02-13 11:05:31,720 - DEBUG - Updated holiday: Diwali on 2024-10-31
2025-02-13 11:05:31,720 - DEBUG - Updated holiday: Diwali on 2024-10-31
2025-02-13 11:05:31,721 - DEBUG - Calling update_holiday_entry to seed the holidays as the app starts
2025-02-13 11:05:31,721 - DEBUG - Calling update_holiday_entry to seed the holidays as the app starts
2025-02-13 11:05:32,205 - DEBUG - Updated holiday: Christmas on 2024-12-25
2025-02-13 11:05:32,205 - DEBUG - Updated holiday: Christmas on 2024-12-25
2025-02-13 11:05:32,206 - DEBUG - Calling update_holiday_entry to seed the holidays as the app starts
2025-02-13 11:05:32,206 - DEBUG - Calling update_holiday_entry to seed the holidays as the app starts
2025-02-13 11:05:32,206 - DEBUG - Seeding Mongo DB!!: None
2025-02-13 11:05:32,206 - DEBUG - Seeding Mongo DB!!: None
2025-02-13 11:05:35,346 - DEBUG - Attempting to connect to mongodb://mongoUser:EEczLZF0Jx@apa-svc-6c3a4bd7-53c6-43ce-afdf-6668d507b898.apps.apa.comcast.net:27017/mongoDb
2025-02-13 11:05:41,112 - DEBUG - Updated holiday: New Year's Day on 2024-01-01
2025-02-13 11:05:41,112 - DEBUG - Updated holiday: New Year's Day on 2024-01-01
2025-02-13 11:05:41,112 - DEBUG - Calling update_holiday_entry to seed the holidays as the app starts
2025-02-13 11:05:41,112 - DEBUG - Calling update_holiday_entry to seed the holidays as the app starts
2025-02-13 11:05:41,631 - DEBUG - Updated holiday: PONGAL on 2024-01-15
2025-02-13 11:05:41,631 - DEBUG - Updated holiday: PONGAL on 2024-01-15
2025-02-13 11:05:41,631 - DEBUG - Calling update_holiday_entry to seed the holidays as the app starts
2025-02-13 11:05:41,631 - DEBUG - Calling update_holiday_entry to seed the holidays as the app starts
2025-02-13 11:05:42,137 - DEBUG - Updated holiday: Thiruvalluvar Day on 2024-01-16
2025-02-13 11:05:42,137 - DEBUG - Updated holiday: Thiruvalluvar Day on 2024-01-16
2025-02-13 11:05:42,138 - DEBUG - Calling update_holiday_entry to seed the holidays as the app starts
2025-02-13 11:05:42,138 - DEBUG - Calling update_holiday_entry to seed the holidays as the app starts
2025-02-13 11:05:42,631 - DEBUG - Updated holiday: Republic Day on 2024-01-26
2025-02-13 11:05:42,631 - DEBUG - Updated holiday: Republic Day on 2024-01-26
2025-02-13 11:05:42,631 - DEBUG - Calling update_holiday_entry to seed the holidays as the app starts
2025-02-13 11:05:42,631 - DEBUG - Calling update_holiday_entry to seed the holidays as the app starts
2025-02-13 11:05:43,136 - DEBUG - Updated holiday: Holi on 2024-03-25
2025-02-13 11:05:43,136 - DEBUG - Updated holiday: Holi on 2024-03-25
2025-02-13 11:05:43,136 - DEBUG - Calling update_holiday_entry to seed the holidays as the app starts
2025-02-13 11:05:43,136 - DEBUG - Calling update_holiday_entry to seed the holidays as the app starts
2025-02-13 11:05:43,644 - DEBUG - Updated holiday: Good Friday on 2024-03-29
2025-02-13 11:05:43,644 - DEBUG - Updated holiday: Good Friday on 2024-03-29
2025-02-13 11:05:43,644 - DEBUG - Calling update_holiday_entry to seed the holidays as the app starts
2025-02-13 11:05:43,644 - DEBUG - Calling update_holiday_entry to seed the holidays as the app starts
2025-02-13 11:05:44,147 - DEBUG - Updated holiday: Telugu New Year's Day on 2024-04-09
2025-02-13 11:05:44,147 - DEBUG - Updated holiday: Telugu New Year's Day on 2024-04-09
2025-02-13 11:05:44,147 - DEBUG - Calling update_holiday_entry to seed the holidays as the app starts
2025-02-13 11:05:44,147 - DEBUG - Calling update_holiday_entry to seed the holidays as the app starts
2025-02-13 11:05:44,647 - DEBUG - Updated holiday: Ramzan on 2024-04-11
2025-02-13 11:05:44,647 - DEBUG - Updated holiday: Ramzan on 2024-04-11
2025-02-13 11:05:44,647 - DEBUG - Calling update_holiday_entry to seed the holidays as the app starts
2025-02-13 11:05:44,647 - DEBUG - Calling update_holiday_entry to seed the holidays as the app starts
2025-02-13 11:05:45,159 - DEBUG - Updated holiday: Tamil New Year/BR Ambedkar Birthday on 2024-04-14
2025-02-13 11:05:45,159 - DEBUG - Updated holiday: Tamil New Year/BR Ambedkar Birthday on 2024-04-14
2025-02-13 11:05:45,159 - DEBUG - Calling update_holiday_entry to seed the holidays as the app starts
2025-02-13 11:05:45,159 - DEBUG - Calling update_holiday_entry to seed the holidays as the app starts
2025-02-13 11:05:45,659 - DEBUG - Updated holiday: May Day on 2024-05-01
2025-02-13 11:05:45,659 - DEBUG - Updated holiday: May Day on 2024-05-01
2025-02-13 11:05:45,660 - DEBUG - Calling update_holiday_entry to seed the holidays as the app starts
2025-02-13 11:05:45,660 - DEBUG - Calling update_holiday_entry to seed the holidays as the app starts
2025-02-13 11:05:46,164 - DEBUG - Updated holiday: Bakrid on 2024-06-17
2025-02-13 11:05:46,164 - DEBUG - Updated holiday: Bakrid on 2024-06-17
2025-02-13 11:05:46,165 - DEBUG - Calling update_holiday_entry to seed the holidays as the app starts
2025-02-13 11:05:46,165 - DEBUG - Calling update_holiday_entry to seed the holidays as the app starts
2025-02-13 11:05:46,675 - DEBUG - Updated holiday: Independence Day on 2024-08-15
2025-02-13 11:05:46,675 - DEBUG - Updated holiday: Independence Day on 2024-08-15
2025-02-13 11:05:46,675 - DEBUG - Calling update_holiday_entry to seed the holidays as the app starts
2025-02-13 11:05:46,675 - DEBUG - Calling update_holiday_entry to seed the holidays as the app starts
2025-02-13 11:05:47,204 - DEBUG - Updated holiday: Krishna Jayanthi on 2024-08-26
2025-02-13 11:05:47,204 - DEBUG - Updated holiday: Krishna Jayanthi on 2024-08-26
2025-02-13 11:05:47,205 - DEBUG - Calling update_holiday_entry to seed the holidays as the app starts
2025-02-13 11:05:47,205 - DEBUG - Calling update_holiday_entry to seed the holidays as the app starts
2025-02-13 11:05:47,706 - DEBUG - Updated holiday: Vinayakar Chathurthi on 2024-09-07
2025-02-13 11:05:47,706 - DEBUG - Updated holiday: Vinayakar Chathurthi on 2024-09-07
2025-02-13 11:05:47,706 - DEBUG - Calling update_holiday_entry to seed the holidays as the app starts
2025-02-13 11:05:47,706 - DEBUG - Calling update_holiday_entry to seed the holidays as the app starts
2025-02-13 11:05:48,219 - DEBUG - Updated holiday: Milad-un-Nabi on 2024-09-16
2025-02-13 11:05:48,219 - DEBUG - Updated holiday: Milad-un-Nabi on 2024-09-16
2025-02-13 11:05:48,219 - DEBUG - Calling update_holiday_entry to seed the holidays as the app starts
2025-02-13 11:05:48,219 - DEBUG - Calling update_holiday_entry to seed the holidays as the app starts
2025-02-13 11:05:48,715 - DEBUG - Updated holiday: Gandhi Jayanthi,NATIONAL on 2024-10-02
2025-02-13 11:05:48,715 - DEBUG - Updated holiday: Gandhi Jayanthi,NATIONAL on 2024-10-02
2025-02-13 11:05:48,715 - DEBUG - Calling update_holiday_entry to seed the holidays as the app starts
2025-02-13 11:05:48,715 - DEBUG - Calling update_holiday_entry to seed the holidays as the app starts
2025-02-13 11:05:49,209 - DEBUG - Updated holiday: Ayutha Pooja on 2024-10-11
2025-02-13 11:05:49,209 - DEBUG - Updated holiday: Ayutha Pooja on 2024-10-11
2025-02-13 11:05:49,209 - DEBUG - Calling update_holiday_entry to seed the holidays as the app starts
2025-02-13 11:05:49,209 - DEBUG - Calling update_holiday_entry to seed the holidays as the app starts
2025-02-13 11:05:49,704 - DEBUG - Updated holiday: Diwali on 2024-10-31
2025-02-13 11:05:49,704 - DEBUG - Updated holiday: Diwali on 2024-10-31
2025-02-13 11:05:49,704 - DEBUG - Calling update_holiday_entry to seed the holidays as the app starts
2025-02-13 11:05:49,704 - DEBUG - Calling update_holiday_entry to seed the holidays as the app starts
2025-02-13 11:05:50,209 - DEBUG - Updated holiday: Christmas on 2024-12-25
2025-02-13 11:05:50,209 - DEBUG - Updated holiday: Christmas on 2024-12-25
2025-02-13 11:05:50,209 - DEBUG - Calling update_holiday_entry to seed the holidays as the app starts
2025-02-13 11:05:50,209 - DEBUG - Calling update_holiday_entry to seed the holidays as the app starts
2025-02-13 11:05:50,209 - DEBUG - Seeding Mongo DB!!: None
2025-02-13 11:05:50,209 - DEBUG - Seeding Mongo DB!!: None
2025-02-13 11:07:58,095 - DEBUG - Session has been stored for jayanth_raveendran@comcast.com:Jayanth
2025-02-13 11:07:58,095 - DEBUG - Session has been stored for jayanth_raveendran@comcast.com:Jayanth
2025-02-13 11:07:58,605 - DEBUG - Invoking get_managers function to get the list of managers!!
2025-02-13 11:07:58,605 - DEBUG - Invoking get_managers function to get the list of managers!!
2025-02-13 11:07:59,112 - DEBUG - Invoking get_teams function to get list of teams
2025-02-13 11:07:59,112 - DEBUG - Invoking get_teams function to get list of teams
2025-02-13 11:07:59,629 - DEBUG - Invoking get_privilege function to get the admin details!!
2025-02-13 11:07:59,629 - DEBUG - Invoking get_privilege function to get the admin details!!
2025-02-13 11:07:59,895 - DEBUG - Invoking get_fullholiday_data to get all the holiday lists!!
2025-02-13 11:07:59,895 - DEBUG - Invoking get_fullholiday_data to get all the holiday lists!!
2025-02-13 11:08:00,147 - DEBUG - Invoking get_pending_leaves function to get all the pending leaves for approval!!
2025-02-13 11:08:00,147 - DEBUG - Invoking get_pending_leaves function to get all the pending leaves for approval!!
2025-02-13 11:08:00,148 - DEBUG - Pending leave requests has been saved in the session
2025-02-13 11:08:00,148 - DEBUG - Pending leave requests has been saved in the session
2025-02-13 11:08:00,390 - DEBUG - The user logged in is found to be admin!!
2025-02-13 11:08:00,390 - DEBUG - The user logged in is found to be admin!!
2025-02-13 11:08:12,277 - DEBUG - Session has been stored for jayanth_raveendran@comcast.com:Jayanth
2025-02-13 11:08:12,277 - DEBUG - Session has been stored for jayanth_raveendran@comcast.com:Jayanth
2025-02-13 11:08:12,768 - DEBUG - Invoking get_managers function to get the list of managers!!
2025-02-13 11:08:12,768 - DEBUG - Invoking get_managers function to get the list of managers!!
2025-02-13 11:08:13,257 - DEBUG - Invoking get_teams function to get list of teams
2025-02-13 11:08:13,257 - DEBUG - Invoking get_teams function to get list of teams
2025-02-13 11:08:13,750 - DEBUG - Invoking get_privilege function to get the admin details!!
2025-02-13 11:08:13,750 - DEBUG - Invoking get_privilege function to get the admin details!!
2025-02-13 11:08:14,000 - DEBUG - Invoking get_fullholiday_data to get all the holiday lists!!
2025-02-13 11:08:14,000 - DEBUG - Invoking get_fullholiday_data to get all the holiday lists!!
2025-02-13 11:08:14,253 - DEBUG - Invoking get_pending_leaves function to get all the pending leaves for approval!!
2025-02-13 11:08:14,253 - DEBUG - Invoking get_pending_leaves function to get all the pending leaves for approval!!
2025-02-13 11:08:14,253 - DEBUG - Pending leave requests has been saved in the session
2025-02-13 11:08:14,253 - DEBUG - Pending leave requests has been saved in the session
2025-02-13 11:08:14,496 - DEBUG - The user logged in is found to be admin!!
2025-02-13 11:08:14,496 - DEBUG - The user logged in is found to be admin!!
2025-02-13 11:10:32,722 - DEBUG - Attempting to connect to mongodb://mongoUser:EEczLZF0Jx@apa-svc-6c3a4bd7-53c6-43ce-afdf-6668d507b898.apps.apa.comcast.net:27017/mongoDb
2025-02-13 11:10:38,067 - DEBUG - Updated holiday: New Year's Day on 2024-01-01
2025-02-13 11:10:38,067 - DEBUG - Updated holiday: New Year's Day on 2024-01-01
2025-02-13 11:10:38,067 - DEBUG - Calling update_holiday_entry to seed the holidays as the app starts
2025-02-13 11:10:38,067 - DEBUG - Calling update_holiday_entry to seed the holidays as the app starts
2025-02-13 11:10:38,605 - DEBUG - Updated holiday: PONGAL on 2024-01-15
2025-02-13 11:10:38,605 - DEBUG - Updated holiday: PONGAL on 2024-01-15
2025-02-13 11:10:38,605 - DEBUG - Calling update_holiday_entry to seed the holidays as the app starts
2025-02-13 11:10:38,605 - DEBUG - Calling update_holiday_entry to seed the holidays as the app starts
2025-02-13 11:10:39,072 - DEBUG - Updated holiday: Thiruvalluvar Day on 2024-01-16
2025-02-13 11:10:39,072 - DEBUG - Updated holiday: Thiruvalluvar Day on 2024-01-16
2025-02-13 11:10:39,072 - DEBUG - Calling update_holiday_entry to seed the holidays as the app starts
2025-02-13 11:10:39,072 - DEBUG - Calling update_holiday_entry to seed the holidays as the app starts
2025-02-13 11:10:39,533 - DEBUG - Updated holiday: Republic Day on 2024-01-26
2025-02-13 11:10:39,533 - DEBUG - Updated holiday: Republic Day on 2024-01-26
2025-02-13 11:10:39,533 - DEBUG - Calling update_holiday_entry to seed the holidays as the app starts
2025-02-13 11:10:39,533 - DEBUG - Calling update_holiday_entry to seed the holidays as the app starts
2025-02-13 11:10:40,000 - DEBUG - Updated holiday: Holi on 2024-03-25
2025-02-13 11:10:40,000 - DEBUG - Updated holiday: Holi on 2024-03-25
2025-02-13 11:10:40,001 - DEBUG - Calling update_holiday_entry to seed the holidays as the app starts
2025-02-13 11:10:40,001 - DEBUG - Calling update_holiday_entry to seed the holidays as the app starts
2025-02-13 11:10:40,479 - DEBUG - Updated holiday: Good Friday on 2024-03-29
2025-02-13 11:10:40,479 - DEBUG - Updated holiday: Good Friday on 2024-03-29
2025-02-13 11:10:40,479 - DEBUG - Calling update_holiday_entry to seed the holidays as the app starts
2025-02-13 11:10:40,479 - DEBUG - Calling update_holiday_entry to seed the holidays as the app starts
2025-02-13 11:10:40,939 - DEBUG - Updated holiday: Telugu New Year's Day on 2024-04-09
2025-02-13 11:10:40,939 - DEBUG - Updated holiday: Telugu New Year's Day on 2024-04-09
2025-02-13 11:10:40,939 - DEBUG - Calling update_holiday_entry to seed the holidays as the app starts
2025-02-13 11:10:40,939 - DEBUG - Calling update_holiday_entry to seed the holidays as the app starts
2025-02-13 11:10:41,510 - DEBUG - Updated holiday: Ramzan on 2024-04-11
2025-02-13 11:10:41,510 - DEBUG - Updated holiday: Ramzan on 2024-04-11
2025-02-13 11:10:41,510 - DEBUG - Calling update_holiday_entry to seed the holidays as the app starts
2025-02-13 11:10:41,510 - DEBUG - Calling update_holiday_entry to seed the holidays as the app starts
2025-02-13 11:10:41,977 - DEBUG - Updated holiday: Tamil New Year/BR Ambedkar Birthday on 2024-04-14
2025-02-13 11:10:41,977 - DEBUG - Updated holiday: Tamil New Year/BR Ambedkar Birthday on 2024-04-14
2025-02-13 11:10:41,977 - DEBUG - Calling update_holiday_entry to seed the holidays as the app starts
2025-02-13 11:10:41,977 - DEBUG - Calling update_holiday_entry to seed the holidays as the app starts
2025-02-13 11:10:42,479 - DEBUG - Updated holiday: May Day on 2024-05-01
2025-02-13 11:10:42,479 - DEBUG - Updated holiday: May Day on 2024-05-01
2025-02-13 11:10:42,480 - DEBUG - Calling update_holiday_entry to seed the holidays as the app starts
2025-02-13 11:10:42,480 - DEBUG - Calling update_holiday_entry to seed the holidays as the app starts
2025-02-13 11:10:43,045 - DEBUG - Updated holiday: Bakrid on 2024-06-17
2025-02-13 11:10:43,045 - DEBUG - Updated holiday: Bakrid on 2024-06-17
2025-02-13 11:10:43,045 - DEBUG - Calling update_holiday_entry to seed the holidays as the app starts
2025-02-13 11:10:43,045 - DEBUG - Calling update_holiday_entry to seed the holidays as the app starts
2025-02-13 11:10:43,542 - DEBUG - Updated holiday: Independence Day on 2024-08-15
2025-02-13 11:10:43,542 - DEBUG - Updated holiday: Independence Day on 2024-08-15
2025-02-13 11:10:43,542 - DEBUG - Calling update_holiday_entry to seed the holidays as the app starts
2025-02-13 11:10:43,542 - DEBUG - Calling update_holiday_entry to seed the holidays as the app starts
2025-02-13 11:10:44,067 - DEBUG - Updated holiday: Krishna Jayanthi on 2024-08-26
2025-02-13 11:10:44,067 - DEBUG - Updated holiday: Krishna Jayanthi on 2024-08-26
2025-02-13 11:10:44,067 - DEBUG - Calling update_holiday_entry to seed the holidays as the app starts
2025-02-13 11:10:44,067 - DEBUG - Calling update_holiday_entry to seed the holidays as the app starts
2025-02-13 11:10:44,599 - DEBUG - Updated holiday: Vinayakar Chathurthi on 2024-09-07
2025-02-13 11:10:44,599 - DEBUG - Updated holiday: Vinayakar Chathurthi on 2024-09-07
2025-02-13 11:10:44,599 - DEBUG - Calling update_holiday_entry to seed the holidays as the app starts
2025-02-13 11:10:44,599 - DEBUG - Calling update_holiday_entry to seed the holidays as the app starts
2025-02-13 11:10:45,132 - DEBUG - Updated holiday: Milad-un-Nabi on 2024-09-16
2025-02-13 11:10:45,132 - DEBUG - Updated holiday: Milad-un-Nabi on 2024-09-16
2025-02-13 11:10:45,133 - DEBUG - Calling update_holiday_entry to seed the holidays as the app starts
2025-02-13 11:10:45,133 - DEBUG - Calling update_holiday_entry to seed the holidays as the app starts
2025-02-13 11:10:45,639 - DEBUG - Updated holiday: Gandhi Jayanthi,NATIONAL on 2024-10-02
2025-02-13 11:10:45,639 - DEBUG - Updated holiday: Gandhi Jayanthi,NATIONAL on 2024-10-02
2025-02-13 11:10:45,639 - DEBUG - Calling update_holiday_entry to seed the holidays as the app starts
2025-02-13 11:10:45,639 - DEBUG - Calling update_holiday_entry to seed the holidays as the app starts
2025-02-13 11:10:46,107 - DEBUG - Updated holiday: Ayutha Pooja on 2024-10-11
2025-02-13 11:10:46,107 - DEBUG - Updated holiday: Ayutha Pooja on 2024-10-11
2025-02-13 11:10:46,107 - DEBUG - Calling update_holiday_entry to seed the holidays as the app starts
2025-02-13 11:10:46,107 - DEBUG - Calling update_holiday_entry to seed the holidays as the app starts
2025-02-13 11:10:46,578 - DEBUG - Updated holiday: Diwali on 2024-10-31
2025-02-13 11:10:46,578 - DEBUG - Updated holiday: Diwali on 2024-10-31
2025-02-13 11:10:46,579 - DEBUG - Calling update_holiday_entry to seed the holidays as the app starts
2025-02-13 11:10:46,579 - DEBUG - Calling update_holiday_entry to seed the holidays as the app starts
2025-02-13 11:10:47,050 - DEBUG - Updated holiday: Christmas on 2024-12-25
2025-02-13 11:10:47,050 - DEBUG - Updated holiday: Christmas on 2024-12-25
2025-02-13 11:10:47,051 - DEBUG - Calling update_holiday_entry to seed the holidays as the app starts
2025-02-13 11:10:47,051 - DEBUG - Calling update_holiday_entry to seed the holidays as the app starts
2025-02-13 11:10:47,051 - DEBUG - Seeding Mongo DB!!: None
2025-02-13 11:10:47,051 - DEBUG - Seeding Mongo DB!!: None
2025-02-13 11:10:51,283 - DEBUG - Attempting to connect to mongodb://mongoUser:EEczLZF0Jx@apa-svc-6c3a4bd7-53c6-43ce-afdf-6668d507b898.apps.apa.comcast.net:27017/mongoDb
2025-02-13 11:10:56,431 - DEBUG - Updated holiday: New Year's Day on 2024-01-01
2025-02-13 11:10:56,431 - DEBUG - Updated holiday: New Year's Day on 2024-01-01
2025-02-13 11:10:56,432 - DEBUG - Calling update_holiday_entry to seed the holidays as the app starts
2025-02-13 11:10:56,432 - DEBUG - Calling update_holiday_entry to seed the holidays as the app starts
2025-02-13 11:10:57,003 - DEBUG - Updated holiday: PONGAL on 2024-01-15
2025-02-13 11:10:57,003 - DEBUG - Updated holiday: PONGAL on 2024-01-15
2025-02-13 11:10:57,003 - DEBUG - Calling update_holiday_entry to seed the holidays as the app starts
2025-02-13 11:10:57,003 - DEBUG - Calling update_holiday_entry to seed the holidays as the app starts
2025-02-13 11:10:57,497 - DEBUG - Updated holiday: Thiruvalluvar Day on 2024-01-16
2025-02-13 11:10:57,497 - DEBUG - Updated holiday: Thiruvalluvar Day on 2024-01-16
2025-02-13 11:10:57,497 - DEBUG - Calling update_holiday_entry to seed the holidays as the app starts
2025-02-13 11:10:57,497 - DEBUG - Calling update_holiday_entry to seed the holidays as the app starts
2025-02-13 11:10:58,013 - DEBUG - Updated holiday: Republic Day on 2024-01-26
2025-02-13 11:10:58,013 - DEBUG - Updated holiday: Republic Day on 2024-01-26
2025-02-13 11:10:58,014 - DEBUG - Calling update_holiday_entry to seed the holidays as the app starts
2025-02-13 11:10:58,014 - DEBUG - Calling update_holiday_entry to seed the holidays as the app starts
2025-02-13 11:10:58,506 - DEBUG - Updated holiday: Holi on 2024-03-25
2025-02-13 11:10:58,506 - DEBUG - Updated holiday: Holi on 2024-03-25
2025-02-13 11:10:58,507 - DEBUG - Calling update_holiday_entry to seed the holidays as the app starts
2025-02-13 11:10:58,507 - DEBUG - Calling update_holiday_entry to seed the holidays as the app starts
2025-02-13 11:10:59,007 - DEBUG - Updated holiday: Good Friday on 2024-03-29
2025-02-13 11:10:59,007 - DEBUG - Updated holiday: Good Friday on 2024-03-29
2025-02-13 11:10:59,007 - DEBUG - Calling update_holiday_entry to seed the holidays as the app starts
2025-02-13 11:10:59,007 - DEBUG - Calling update_holiday_entry to seed the holidays as the app starts
2025-02-13 11:10:59,505 - DEBUG - Updated holiday: Telugu New Year's Day on 2024-04-09
2025-02-13 11:10:59,505 - DEBUG - Updated holiday: Telugu New Year's Day on 2024-04-09
2025-02-13 11:10:59,505 - DEBUG - Calling update_holiday_entry to seed the holidays as the app starts
2025-02-13 11:10:59,505 - DEBUG - Calling update_holiday_entry to seed the holidays as the app starts
2025-02-13 11:11:00,001 - DEBUG - Updated holiday: Ramzan on 2024-04-11
2025-02-13 11:11:00,001 - DEBUG - Updated holiday: Ramzan on 2024-04-11
2025-02-13 11:11:00,002 - DEBUG - Calling update_holiday_entry to seed the holidays as the app starts
2025-02-13 11:11:00,002 - DEBUG - Calling update_holiday_entry to seed the holidays as the app starts
2025-02-13 11:11:00,504 - DEBUG - Updated holiday: Tamil New Year/BR Ambedkar Birthday on 2024-04-14
2025-02-13 11:11:00,504 - DEBUG - Updated holiday: Tamil New Year/BR Ambedkar Birthday on 2024-04-14
2025-02-13 11:11:00,504 - DEBUG - Calling update_holiday_entry to seed the holidays as the app starts
2025-02-13 11:11:00,504 - DEBUG - Calling update_holiday_entry to seed the holidays as the app starts
2025-02-13 11:11:00,999 - DEBUG - Updated holiday: May Day on 2024-05-01
2025-02-13 11:11:00,999 - DEBUG - Updated holiday: May Day on 2024-05-01
2025-02-13 11:11:00,999 - DEBUG - Calling update_holiday_entry to seed the holidays as the app starts
2025-02-13 11:11:00,999 - DEBUG - Calling update_holiday_entry to seed the holidays as the app starts
2025-02-13 11:11:01,492 - DEBUG - Updated holiday: Bakrid on 2024-06-17
2025-02-13 11:11:01,492 - DEBUG - Updated holiday: Bakrid on 2024-06-17
2025-02-13 11:11:01,492 - DEBUG - Calling update_holiday_entry to seed the holidays as the app starts
2025-02-13 11:11:01,492 - DEBUG - Calling update_holiday_entry to seed the holidays as the app starts
2025-02-13 11:11:01,984 - DEBUG - Updated holiday: Independence Day on 2024-08-15
2025-02-13 11:11:01,984 - DEBUG - Updated holiday: Independence Day on 2024-08-15
2025-02-13 11:11:01,985 - DEBUG - Calling update_holiday_entry to seed the holidays as the app starts
2025-02-13 11:11:01,985 - DEBUG - Calling update_holiday_entry to seed the holidays as the app starts
2025-02-13 11:11:02,493 - DEBUG - Updated holiday: Krishna Jayanthi on 2024-08-26
2025-02-13 11:11:02,493 - DEBUG - Updated holiday: Krishna Jayanthi on 2024-08-26
2025-02-13 11:11:02,493 - DEBUG - Calling update_holiday_entry to seed the holidays as the app starts
2025-02-13 11:11:02,493 - DEBUG - Calling update_holiday_entry to seed the holidays as the app starts
2025-02-13 11:11:03,020 - DEBUG - Updated holiday: Vinayakar Chathurthi on 2024-09-07
2025-02-13 11:11:03,020 - DEBUG - Updated holiday: Vinayakar Chathurthi on 2024-09-07
2025-02-13 11:11:03,020 - DEBUG - Calling update_holiday_entry to seed the holidays as the app starts
2025-02-13 11:11:03,020 - DEBUG - Calling update_holiday_entry to seed the holidays as the app starts
2025-02-13 11:11:03,522 - DEBUG - Updated holiday: Milad-un-Nabi on 2024-09-16
2025-02-13 11:11:03,522 - DEBUG - Updated holiday: Milad-un-Nabi on 2024-09-16
2025-02-13 11:11:03,523 - DEBUG - Calling update_holiday_entry to seed the holidays as the app starts
2025-02-13 11:11:03,523 - DEBUG - Calling update_holiday_entry to seed the holidays as the app starts
2025-02-13 11:11:04,033 - DEBUG - Updated holiday: Gandhi Jayanthi,NATIONAL on 2024-10-02
2025-02-13 11:11:04,033 - DEBUG - Updated holiday: Gandhi Jayanthi,NATIONAL on 2024-10-02
2025-02-13 11:11:04,033 - DEBUG - Calling update_holiday_entry to seed the holidays as the app starts
2025-02-13 11:11:04,033 - DEBUG - Calling update_holiday_entry to seed the holidays as the app starts
2025-02-13 11:11:04,535 - DEBUG - Updated holiday: Ayutha Pooja on 2024-10-11
2025-02-13 11:11:04,535 - DEBUG - Updated holiday: Ayutha Pooja on 2024-10-11
2025-02-13 11:11:04,536 - DEBUG - Calling update_holiday_entry to seed the holidays as the app starts
2025-02-13 11:11:04,536 - DEBUG - Calling update_holiday_entry to seed the holidays as the app starts
2025-02-13 11:11:05,030 - DEBUG - Updated holiday: Diwali on 2024-10-31
2025-02-13 11:11:05,030 - DEBUG - Updated holiday: Diwali on 2024-10-31
2025-02-13 11:11:05,030 - DEBUG - Calling update_holiday_entry to seed the holidays as the app starts
2025-02-13 11:11:05,030 - DEBUG - Calling update_holiday_entry to seed the holidays as the app starts
2025-02-13 11:11:05,530 - DEBUG - Updated holiday: Christmas on 2024-12-25
2025-02-13 11:11:05,530 - DEBUG - Updated holiday: Christmas on 2024-12-25
2025-02-13 11:11:05,530 - DEBUG - Calling update_holiday_entry to seed the holidays as the app starts
2025-02-13 11:11:05,530 - DEBUG - Calling update_holiday_entry to seed the holidays as the app starts
2025-02-13 11:11:05,530 - DEBUG - Seeding Mongo DB!!: None
2025-02-13 11:11:05,530 - DEBUG - Seeding Mongo DB!!: None
2025-02-13 11:14:59,106 - DEBUG - Session has been stored for jayanth_raveendran@comcast.com:Jayanth
2025-02-13 11:14:59,106 - DEBUG - Session has been stored for jayanth_raveendran@comcast.com:Jayanth
2025-02-13 11:14:59,619 - DEBUG - Invoking get_managers function to get the list of managers!!
2025-02-13 11:14:59,619 - DEBUG - Invoking get_managers function to get the list of managers!!
2025-02-13 11:15:00,165 - DEBUG - Invoking get_teams function to get list of teams
2025-02-13 11:15:00,165 - DEBUG - Invoking get_teams function to get list of teams
2025-02-13 11:15:00,684 - DEBUG - Invoking get_privilege function to get the admin details!!
2025-02-13 11:15:00,684 - DEBUG - Invoking get_privilege function to get the admin details!!
2025-02-13 11:15:00,935 - DEBUG - Invoking get_fullholiday_data to get all the holiday lists!!
2025-02-13 11:15:00,935 - DEBUG - Invoking get_fullholiday_data to get all the holiday lists!!
2025-02-13 11:15:01,200 - DEBUG - Invoking get_pending_leaves function to get all the pending leaves for approval!!
2025-02-13 11:15:01,200 - DEBUG - Invoking get_pending_leaves function to get all the pending leaves for approval!!
2025-02-13 11:15:01,201 - DEBUG - Pending leave requests has been saved in the session
2025-02-13 11:15:01,201 - DEBUG - Pending leave requests has been saved in the session
2025-02-13 11:15:01,451 - DEBUG - The user logged in is found to be admin!!
2025-02-13 11:15:01,451 - DEBUG - The user logged in is found to be admin!!
2025-02-13 11:34:59,343 - DEBUG - Session has been stored for jayanth_raveendran@comcast.com:Jayanth
2025-02-13 11:34:59,343 - DEBUG - Session has been stored for jayanth_raveendran@comcast.com:Jayanth
2025-02-13 11:34:59,834 - DEBUG - Invoking get_managers function to get the list of managers!!
2025-02-13 11:34:59,834 - DEBUG - Invoking get_managers function to get the list of managers!!
2025-02-13 11:35:00,323 - DEBUG - Invoking get_teams function to get list of teams
2025-02-13 11:35:00,323 - DEBUG - Invoking get_teams function to get list of teams
2025-02-13 11:35:00,814 - DEBUG - Invoking get_privilege function to get the admin details!!
2025-02-13 11:35:00,814 - DEBUG - Invoking get_privilege function to get the admin details!!
2025-02-13 11:35:01,061 - DEBUG - Invoking get_fullholiday_data to get all the holiday lists!!
2025-02-13 11:35:01,061 - DEBUG - Invoking get_fullholiday_data to get all the holiday lists!!
2025-02-13 11:35:01,313 - DEBUG - Invoking get_pending_leaves function to get all the pending leaves for approval!!
2025-02-13 11:35:01,313 - DEBUG - Invoking get_pending_leaves function to get all the pending leaves for approval!!
2025-02-13 11:35:01,314 - DEBUG - Pending leave requests has been saved in the session
2025-02-13 11:35:01,314 - DEBUG - Pending leave requests has been saved in the session
2025-02-13 11:35:01,562 - DEBUG - The user logged in is found to be admin!!
2025-02-13 11:35:01,562 - DEBUG - The user logged in is found to be admin!!
2025-02-13 11:37:53,335 - DEBUG - Attempting to connect to mongodb://mongoUser:EEczLZF0Jx@apa-svc-6c3a4bd7-53c6-43ce-afdf-6668d507b898.apps.apa.comcast.net:27017/mongoDb
2025-02-13 11:37:58,151 - DEBUG - Updated holiday: New Year's Day on 2024-01-01
2025-02-13 11:37:58,151 - DEBUG - Updated holiday: New Year's Day on 2024-01-01
2025-02-13 11:37:58,152 - DEBUG - Calling update_holiday_entry to seed the holidays as the app starts
2025-02-13 11:37:58,152 - DEBUG - Calling update_holiday_entry to seed the holidays as the app starts
2025-02-13 11:37:58,643 - DEBUG - Updated holiday: PONGAL on 2024-01-15
2025-02-13 11:37:58,643 - DEBUG - Updated holiday: PONGAL on 2024-01-15
2025-02-13 11:37:58,643 - DEBUG - Calling update_holiday_entry to seed the holidays as the app starts
2025-02-13 11:37:58,643 - DEBUG - Calling update_holiday_entry to seed the holidays as the app starts
2025-02-13 11:37:59,149 - DEBUG - Updated holiday: Thiruvalluvar Day on 2024-01-16
2025-02-13 11:37:59,149 - DEBUG - Updated holiday: Thiruvalluvar Day on 2024-01-16
2025-02-13 11:37:59,149 - DEBUG - Calling update_holiday_entry to seed the holidays as the app starts
2025-02-13 11:37:59,149 - DEBUG - Calling update_holiday_entry to seed the holidays as the app starts
2025-02-13 11:37:59,663 - DEBUG - Updated holiday: Republic Day on 2024-01-26
2025-02-13 11:37:59,663 - DEBUG - Updated holiday: Republic Day on 2024-01-26
2025-02-13 11:37:59,663 - DEBUG - Calling update_holiday_entry to seed the holidays as the app starts
2025-02-13 11:37:59,663 - DEBUG - Calling update_holiday_entry to seed the holidays as the app starts
2025-02-13 11:38:00,510 - DEBUG - Updated holiday: Holi on 2024-03-25
2025-02-13 11:38:00,510 - DEBUG - Updated holiday: Holi on 2024-03-25
2025-02-13 11:38:00,510 - DEBUG - Calling update_holiday_entry to seed the holidays as the app starts
2025-02-13 11:38:00,510 - DEBUG - Calling update_holiday_entry to seed the holidays as the app starts
2025-02-13 11:38:00,999 - DEBUG - Updated holiday: Good Friday on 2024-03-29
2025-02-13 11:38:00,999 - DEBUG - Updated holiday: Good Friday on 2024-03-29
2025-02-13 11:38:01,000 - DEBUG - Calling update_holiday_entry to seed the holidays as the app starts
2025-02-13 11:38:01,000 - DEBUG - Calling update_holiday_entry to seed the holidays as the app starts
2025-02-13 11:38:01,493 - DEBUG - Updated holiday: Telugu New Year's Day on 2024-04-09
2025-02-13 11:38:01,493 - DEBUG - Updated holiday: Telugu New Year's Day on 2024-04-09
2025-02-13 11:38:01,493 - DEBUG - Calling update_holiday_entry to seed the holidays as the app starts
2025-02-13 11:38:01,493 - DEBUG - Calling update_holiday_entry to seed the holidays as the app starts
2025-02-13 11:38:01,987 - DEBUG - Updated holiday: Ramzan on 2024-04-11
2025-02-13 11:38:01,987 - DEBUG - Updated holiday: Ramzan on 2024-04-11
2025-02-13 11:38:01,987 - DEBUG - Calling update_holiday_entry to seed the holidays as the app starts
2025-02-13 11:38:01,987 - DEBUG - Calling update_holiday_entry to seed the holidays as the app starts
2025-02-13 11:38:02,478 - DEBUG - Updated holiday: Tamil New Year/BR Ambedkar Birthday on 2024-04-14
2025-02-13 11:38:02,478 - DEBUG - Updated holiday: Tamil New Year/BR Ambedkar Birthday on 2024-04-14
2025-02-13 11:38:02,479 - DEBUG - Calling update_holiday_entry to seed the holidays as the app starts
2025-02-13 11:38:02,479 - DEBUG - Calling update_holiday_entry to seed the holidays as the app starts
2025-02-13 11:38:02,965 - DEBUG - Updated holiday: May Day on 2024-05-01
2025-02-13 11:38:02,965 - DEBUG - Updated holiday: May Day on 2024-05-01
2025-02-13 11:38:02,965 - DEBUG - Calling update_holiday_entry to seed the holidays as the app starts
2025-02-13 11:38:02,965 - DEBUG - Calling update_holiday_entry to seed the holidays as the app starts
2025-02-13 11:38:03,453 - DEBUG - Updated holiday: Bakrid on 2024-06-17
2025-02-13 11:38:03,453 - DEBUG - Updated holiday: Bakrid on 2024-06-17
2025-02-13 11:38:03,453 - DEBUG - Calling update_holiday_entry to seed the holidays as the app starts
2025-02-13 11:38:03,453 - DEBUG - Calling update_holiday_entry to seed the holidays as the app starts
2025-02-13 11:38:03,942 - DEBUG - Updated holiday: Independence Day on 2024-08-15
2025-02-13 11:38:03,942 - DEBUG - Updated holiday: Independence Day on 2024-08-15
2025-02-13 11:38:03,942 - DEBUG - Calling update_holiday_entry to seed the holidays as the app starts
2025-02-13 11:38:03,942 - DEBUG - Calling update_holiday_entry to seed the holidays as the app starts
2025-02-13 11:38:04,430 - DEBUG - Updated holiday: Krishna Jayanthi on 2024-08-26
2025-02-13 11:38:04,430 - DEBUG - Updated holiday: Krishna Jayanthi on 2024-08-26
2025-02-13 11:38:04,430 - DEBUG - Calling update_holiday_entry to seed the holidays as the app starts
2025-02-13 11:38:04,430 - DEBUG - Calling update_holiday_entry to seed the holidays as the app starts
2025-02-13 11:38:04,913 - DEBUG - Updated holiday: Vinayakar Chathurthi on 2024-09-07
2025-02-13 11:38:04,913 - DEBUG - Updated holiday: Vinayakar Chathurthi on 2024-09-07
2025-02-13 11:38:04,913 - DEBUG - Calling update_holiday_entry to seed the holidays as the app starts
2025-02-13 11:38:04,913 - DEBUG - Calling update_holiday_entry to seed the holidays as the app starts
2025-02-13 11:38:05,400 - DEBUG - Updated holiday: Milad-un-Nabi on 2024-09-16
2025-02-13 11:38:05,400 - DEBUG - Updated holiday: Milad-un-Nabi on 2024-09-16
2025-02-13 11:38:05,400 - DEBUG - Calling update_holiday_entry to seed the holidays as the app starts
2025-02-13 11:38:05,400 - DEBUG - Calling update_holiday_entry to seed the holidays as the app starts
2025-02-13 11:38:05,888 - DEBUG - Updated holiday: Gandhi Jayanthi,NATIONAL on 2024-10-02
2025-02-13 11:38:05,888 - DEBUG - Updated holiday: Gandhi Jayanthi,NATIONAL on 2024-10-02
2025-02-13 11:38:05,888 - DEBUG - Calling update_holiday_entry to seed the holidays as the app starts
2025-02-13 11:38:05,888 - DEBUG - Calling update_holiday_entry to seed the holidays as the app starts
2025-02-13 11:38:06,376 - DEBUG - Updated holiday: Ayutha Pooja on 2024-10-11
2025-02-13 11:38:06,376 - DEBUG - Updated holiday: Ayutha Pooja on 2024-10-11
2025-02-13 11:38:06,377 - DEBUG - Calling update_holiday_entry to seed the holidays as the app starts
2025-02-13 11:38:06,377 - DEBUG - Calling update_holiday_entry to seed the holidays as the app starts
2025-02-13 11:38:06,873 - DEBUG - Updated holiday: Diwali on 2024-10-31
2025-02-13 11:38:06,873 - DEBUG - Updated holiday: Diwali on 2024-10-31
2025-02-13 11:38:06,873 - DEBUG - Calling update_holiday_entry to seed the holidays as the app starts
2025-02-13 11:38:06,873 - DEBUG - Calling update_holiday_entry to seed the holidays as the app starts
2025-02-13 11:38:07,366 - DEBUG - Updated holiday: Christmas on 2024-12-25
2025-02-13 11:38:07,366 - DEBUG - Updated holiday: Christmas on 2024-12-25
2025-02-13 11:38:07,366 - DEBUG - Calling update_holiday_entry to seed the holidays as the app starts
2025-02-13 11:38:07,366 - DEBUG - Calling update_holiday_entry to seed the holidays as the app starts
2025-02-13 11:38:07,366 - DEBUG - Seeding Mongo DB!!: None
2025-02-13 11:38:07,366 - DEBUG - Seeding Mongo DB!!: None
2025-02-13 11:38:20,100 - DEBUG - Session has been stored for siva_subramaniyan@comcast.com:Sivasubramaniyan K
2025-02-13 11:38:20,100 - DEBUG - Session has been stored for siva_subramaniyan@comcast.com:Sivasubramaniyan K
2025-02-13 11:38:20,583 - DEBUG - Invoking get_managers function to get the list of managers!!
2025-02-13 11:38:20,583 - DEBUG - Invoking get_managers function to get the list of managers!!
2025-02-13 11:38:21,072 - DEBUG - Invoking get_teams function to get list of teams
2025-02-13 11:38:21,072 - DEBUG - Invoking get_teams function to get list of teams
2025-02-13 11:38:21,588 - DEBUG - Invoking get_privilege function to get the admin details!!
2025-02-13 11:38:21,588 - DEBUG - Invoking get_privilege function to get the admin details!!
2025-02-13 11:38:21,838 - DEBUG - Invoking get_fullholiday_data to get all the holiday lists!!
2025-02-13 11:38:21,838 - DEBUG - Invoking get_fullholiday_data to get all the holiday lists!!
2025-02-13 11:38:22,082 - DEBUG - Invoking get_pending_leaves function to get all the pending leaves for approval!!
2025-02-13 11:38:22,082 - DEBUG - Invoking get_pending_leaves function to get all the pending leaves for approval!!
2025-02-13 11:38:22,082 - DEBUG - Pending leave requests has been saved in the session
2025-02-13 11:38:22,082 - DEBUG - Pending leave requests has been saved in the session
2025-02-13 11:38:22,326 - DEBUG - The user logged in found to be a normal user!!
2025-02-13 11:38:22,326 - DEBUG - The user logged in found to be a normal user!!
2025-02-13 11:38:44,408 - DEBUG - Attempting to connect to mongodb://mongoUser:EEczLZF0Jx@apa-svc-6c3a4bd7-53c6-43ce-afdf-6668d507b898.apps.apa.comcast.net:27017/mongoDb
2025-02-13 11:38:49,076 - DEBUG - Updated holiday: New Year's Day on 2024-01-01
2025-02-13 11:38:49,076 - DEBUG - Updated holiday: New Year's Day on 2024-01-01
2025-02-13 11:38:49,077 - DEBUG - Calling update_holiday_entry to seed the holidays as the app starts
2025-02-13 11:38:49,077 - DEBUG - Calling update_holiday_entry to seed the holidays as the app starts
2025-02-13 11:38:49,569 - DEBUG - Updated holiday: PONGAL on 2024-01-15
2025-02-13 11:38:49,569 - DEBUG - Updated holiday: PONGAL on 2024-01-15
2025-02-13 11:38:49,570 - DEBUG - Calling update_holiday_entry to seed the holidays as the app starts
2025-02-13 11:38:49,570 - DEBUG - Calling update_holiday_entry to seed the holidays as the app starts
2025-02-13 11:38:50,057 - DEBUG - Updated holiday: Thiruvalluvar Day on 2024-01-16
2025-02-13 11:38:50,057 - DEBUG - Updated holiday: Thiruvalluvar Day on 2024-01-16
2025-02-13 11:38:50,058 - DEBUG - Calling update_holiday_entry to seed the holidays as the app starts
2025-02-13 11:38:50,058 - DEBUG - Calling update_holiday_entry to seed the holidays as the app starts
2025-02-13 11:38:50,549 - DEBUG - Updated holiday: Republic Day on 2024-01-26
2025-02-13 11:38:50,549 - DEBUG - Updated holiday: Republic Day on 2024-01-26
2025-02-13 11:38:50,550 - DEBUG - Calling update_holiday_entry to seed the holidays as the app starts
2025-02-13 11:38:50,550 - DEBUG - Calling update_holiday_entry to seed the holidays as the app starts
2025-02-13 11:38:51,047 - DEBUG - Updated holiday: Holi on 2024-03-25
2025-02-13 11:38:51,047 - DEBUG - Updated holiday: Holi on 2024-03-25
2025-02-13 11:38:51,047 - DEBUG - Calling update_holiday_entry to seed the holidays as the app starts
2025-02-13 11:38:51,047 - DEBUG - Calling update_holiday_entry to seed the holidays as the app starts
2025-02-13 11:38:51,551 - DEBUG - Updated holiday: Good Friday on 2024-03-29
2025-02-13 11:38:51,551 - DEBUG - Updated holiday: Good Friday on 2024-03-29
2025-02-13 11:38:51,551 - DEBUG - Calling update_holiday_entry to seed the holidays as the app starts
2025-02-13 11:38:51,551 - DEBUG - Calling update_holiday_entry to seed the holidays as the app starts
2025-02-13 11:38:52,049 - DEBUG - Updated holiday: Telugu New Year's Day on 2024-04-09
2025-02-13 11:38:52,049 - DEBUG - Updated holiday: Telugu New Year's Day on 2024-04-09
2025-02-13 11:38:52,049 - DEBUG - Calling update_holiday_entry to seed the holidays as the app starts
2025-02-13 11:38:52,049 - DEBUG - Calling update_holiday_entry to seed the holidays as the app starts
2025-02-13 11:38:52,540 - DEBUG - Updated holiday: Ramzan on 2024-04-11
2025-02-13 11:38:52,540 - DEBUG - Updated holiday: Ramzan on 2024-04-11
2025-02-13 11:38:52,540 - DEBUG - Calling update_holiday_entry to seed the holidays as the app starts
2025-02-13 11:38:52,540 - DEBUG - Calling update_holiday_entry to seed the holidays as the app starts
2025-02-13 11:38:53,034 - DEBUG - Updated holiday: Tamil New Year/BR Ambedkar Birthday on 2024-04-14
2025-02-13 11:38:53,034 - DEBUG - Updated holiday: Tamil New Year/BR Ambedkar Birthday on 2024-04-14
2025-02-13 11:38:53,034 - DEBUG - Calling update_holiday_entry to seed the holidays as the app starts
2025-02-13 11:38:53,034 - DEBUG - Calling update_holiday_entry to seed the holidays as the app starts
2025-02-13 11:38:53,522 - DEBUG - Updated holiday: May Day on 2024-05-01
2025-02-13 11:38:53,522 - DEBUG - Updated holiday: May Day on 2024-05-01
2025-02-13 11:38:53,522 - DEBUG - Calling update_holiday_entry to seed the holidays as the app starts
2025-02-13 11:38:53,522 - DEBUG - Calling update_holiday_entry to seed the holidays as the app starts
2025-02-13 11:38:54,012 - DEBUG - Updated holiday: Bakrid on 2024-06-17
2025-02-13 11:38:54,012 - DEBUG - Updated holiday: Bakrid on 2024-06-17
2025-02-13 11:38:54,013 - DEBUG - Calling update_holiday_entry to seed the holidays as the app starts
2025-02-13 11:38:54,013 - DEBUG - Calling update_holiday_entry to seed the holidays as the app starts
2025-02-13 11:38:54,511 - DEBUG - Updated holiday: Independence Day on 2024-08-15
2025-02-13 11:38:54,511 - DEBUG - Updated holiday: Independence Day on 2024-08-15
2025-02-13 11:38:54,512 - DEBUG - Calling update_holiday_entry to seed the holidays as the app starts
2025-02-13 11:38:54,512 - DEBUG - Calling update_holiday_entry to seed the holidays as the app starts
2025-02-13 11:38:54,999 - DEBUG - Updated holiday: Krishna Jayanthi on 2024-08-26
2025-02-13 11:38:54,999 - DEBUG - Updated holiday: Krishna Jayanthi on 2024-08-26
2025-02-13 11:38:54,999 - DEBUG - Calling update_holiday_entry to seed the holidays as the app starts
2025-02-13 11:38:54,999 - DEBUG - Calling update_holiday_entry to seed the holidays as the app starts
2025-02-13 11:38:55,505 - DEBUG - Updated holiday: Vinayakar Chathurthi on 2024-09-07
2025-02-13 11:38:55,505 - DEBUG - Updated holiday: Vinayakar Chathurthi on 2024-09-07
2025-02-13 11:38:55,505 - DEBUG - Calling update_holiday_entry to seed the holidays as the app starts
2025-02-13 11:38:55,505 - DEBUG - Calling update_holiday_entry to seed the holidays as the app starts
2025-02-13 11:38:55,998 - DEBUG - Updated holiday: Milad-un-Nabi on 2024-09-16
2025-02-13 11:38:55,998 - DEBUG - Updated holiday: Milad-un-Nabi on 2024-09-16
2025-02-13 11:38:55,999 - DEBUG - Calling update_holiday_entry to seed the holidays as the app starts
2025-02-13 11:38:55,999 - DEBUG - Calling update_holiday_entry to seed the holidays as the app starts
2025-02-13 11:38:56,493 - DEBUG - Updated holiday: Gandhi Jayanthi,NATIONAL on 2024-10-02
2025-02-13 11:38:56,493 - DEBUG - Updated holiday: Gandhi Jayanthi,NATIONAL on 2024-10-02
2025-02-13 11:38:56,494 - DEBUG - Calling update_holiday_entry to seed the holidays as the app starts
2025-02-13 11:38:56,494 - DEBUG - Calling update_holiday_entry to seed the holidays as the app starts
2025-02-13 11:38:56,986 - DEBUG - Updated holiday: Ayutha Pooja on 2024-10-11
2025-02-13 11:38:56,986 - DEBUG - Updated holiday: Ayutha Pooja on 2024-10-11
2025-02-13 11:38:56,987 - DEBUG - Calling update_holiday_entry to seed the holidays as the app starts
2025-02-13 11:38:56,987 - DEBUG - Calling update_holiday_entry to seed the holidays as the app starts
2025-02-13 11:38:57,477 - DEBUG - Updated holiday: Diwali on 2024-10-31
2025-02-13 11:38:57,477 - DEBUG - Updated holiday: Diwali on 2024-10-31
2025-02-13 11:38:57,477 - DEBUG - Calling update_holiday_entry to seed the holidays as the app starts
2025-02-13 11:38:57,477 - DEBUG - Calling update_holiday_entry to seed the holidays as the app starts
2025-02-13 11:38:57,968 - DEBUG - Updated holiday: Christmas on 2024-12-25
2025-02-13 11:38:57,968 - DEBUG - Updated holiday: Christmas on 2024-12-25
2025-02-13 11:38:57,968 - DEBUG - Calling update_holiday_entry to seed the holidays as the app starts
2025-02-13 11:38:57,968 - DEBUG - Calling update_holiday_entry to seed the holidays as the app starts
2025-02-13 11:38:57,968 - DEBUG - Seeding Mongo DB!!: None
2025-02-13 11:38:57,968 - DEBUG - Seeding Mongo DB!!: None
2025-02-13 11:38:59,655 - DEBUG - Session has been stored for siva_subramaniyan@comcast.com:Sivasubramaniyan K
2025-02-13 11:38:59,655 - DEBUG - Session has been stored for siva_subramaniyan@comcast.com:Sivasubramaniyan K
2025-02-13 11:39:00,139 - DEBUG - Invoking get_managers function to get the list of managers!!
2025-02-13 11:39:00,139 - DEBUG - Invoking get_managers function to get the list of managers!!
2025-02-13 11:39:00,636 - DEBUG - Invoking get_teams function to get list of teams
2025-02-13 11:39:00,636 - DEBUG - Invoking get_teams function to get list of teams
2025-02-13 11:39:01,137 - DEBUG - Invoking get_privilege function to get the admin details!!
2025-02-13 11:39:01,137 - DEBUG - Invoking get_privilege function to get the admin details!!
2025-02-13 11:39:01,383 - DEBUG - Invoking get_fullholiday_data to get all the holiday lists!!
2025-02-13 11:39:01,383 - DEBUG - Invoking get_fullholiday_data to get all the holiday lists!!
2025-02-13 11:39:01,631 - DEBUG - Invoking get_pending_leaves function to get all the pending leaves for approval!!
2025-02-13 11:39:01,631 - DEBUG - Invoking get_pending_leaves function to get all the pending leaves for approval!!
2025-02-13 11:39:01,631 - DEBUG - Pending leave requests has been saved in the session
2025-02-13 11:39:01,631 - DEBUG - Pending leave requests has been saved in the session
2025-02-13 11:39:01,878 - DEBUG - The user logged in found to be a normal user!!
2025-02-13 11:39:01,878 - DEBUG - The user logged in found to be a normal user!!
2025-02-13 11:39:13,578 - DEBUG - Session has been stored for jayanth_raveendran@comcast.com:Jayanth
2025-02-13 11:39:13,578 - DEBUG - Session has been stored for jayanth_raveendran@comcast.com:Jayanth
2025-02-13 11:39:14,084 - DEBUG - Invoking get_managers function to get the list of managers!!
2025-02-13 11:39:14,084 - DEBUG - Invoking get_managers function to get the list of managers!!
2025-02-13 11:39:14,572 - DEBUG - Invoking get_teams function to get list of teams
2025-02-13 11:39:14,572 - DEBUG - Invoking get_teams function to get list of teams
2025-02-13 11:39:15,063 - DEBUG - Invoking get_privilege function to get the admin details!!
2025-02-13 11:39:15,063 - DEBUG - Invoking get_privilege function to get the admin details!!
2025-02-13 11:39:15,306 - DEBUG - Invoking get_fullholiday_data to get all the holiday lists!!
2025-02-13 11:39:15,306 - DEBUG - Invoking get_fullholiday_data to get all the holiday lists!!
2025-02-13 11:39:15,548 - DEBUG - Invoking get_pending_leaves function to get all the pending leaves for approval!!
2025-02-13 11:39:15,548 - DEBUG - Invoking get_pending_leaves function to get all the pending leaves for approval!!
2025-02-13 11:39:15,548 - DEBUG - Pending leave requests has been saved in the session
2025-02-13 11:39:15,548 - DEBUG - Pending leave requests has been saved in the session
2025-02-13 11:39:15,790 - DEBUG - The user logged in is found to be admin!!
2025-02-13 11:39:15,790 - DEBUG - The user logged in is found to be admin!!
2025-02-13 11:40:16,262 - DEBUG - Session has been stored for siva_subramaniyan@comcast.com:Sivasubramaniyan K
2025-02-13 11:40:16,262 - DEBUG - Session has been stored for siva_subramaniyan@comcast.com:Sivasubramaniyan K
2025-02-13 11:40:16,749 - DEBUG - Invoking get_managers function to get the list of managers!!
2025-02-13 11:40:16,749 - DEBUG - Invoking get_managers function to get the list of managers!!
2025-02-13 11:40:17,236 - DEBUG - Invoking get_teams function to get list of teams
2025-02-13 11:40:17,236 - DEBUG - Invoking get_teams function to get list of teams
2025-02-13 11:40:17,746 - DEBUG - Invoking get_privilege function to get the admin details!!
2025-02-13 11:40:17,746 - DEBUG - Invoking get_privilege function to get the admin details!!
2025-02-13 11:40:17,991 - DEBUG - Invoking get_fullholiday_data to get all the holiday lists!!
2025-02-13 11:40:17,991 - DEBUG - Invoking get_fullholiday_data to get all the holiday lists!!
2025-02-13 11:40:18,236 - DEBUG - Invoking get_pending_leaves function to get all the pending leaves for approval!!
2025-02-13 11:40:18,236 - DEBUG - Invoking get_pending_leaves function to get all the pending leaves for approval!!
2025-02-13 11:40:18,237 - DEBUG - Pending leave requests has been saved in the session
2025-02-13 11:40:18,237 - DEBUG - Pending leave requests has been saved in the session
2025-02-13 11:40:18,487 - DEBUG - The user logged in found to be a normal user!!
2025-02-13 11:40:18,487 - DEBUG - The user logged in found to be a normal user!!
2025-02-13 11:41:56,446 - DEBUG - Attempting to connect to mongodb://mongoUser:EEczLZF0Jx@apa-svc-6c3a4bd7-53c6-43ce-afdf-6668d507b898.apps.apa.comcast.net:27017/mongoDb
2025-02-13 11:42:01,333 - DEBUG - Updated holiday: New Year's Day on 2024-01-01
2025-02-13 11:42:01,333 - DEBUG - Updated holiday: New Year's Day on 2024-01-01
2025-02-13 11:42:01,334 - DEBUG - Calling update_holiday_entry to seed the holidays as the app starts
2025-02-13 11:42:01,334 - DEBUG - Calling update_holiday_entry to seed the holidays as the app starts
2025-02-13 11:42:01,840 - DEBUG - Updated holiday: PONGAL on 2024-01-15
2025-02-13 11:42:01,840 - DEBUG - Updated holiday: PONGAL on 2024-01-15
2025-02-13 11:42:01,841 - DEBUG - Calling update_holiday_entry to seed the holidays as the app starts
2025-02-13 11:42:01,841 - DEBUG - Calling update_holiday_entry to seed the holidays as the app starts
2025-02-13 11:42:02,328 - DEBUG - Updated holiday: Thiruvalluvar Day on 2024-01-16
2025-02-13 11:42:02,328 - DEBUG - Updated holiday: Thiruvalluvar Day on 2024-01-16
2025-02-13 11:42:02,328 - DEBUG - Calling update_holiday_entry to seed the holidays as the app starts
2025-02-13 11:42:02,328 - DEBUG - Calling update_holiday_entry to seed the holidays as the app starts
2025-02-13 11:42:02,820 - DEBUG - Updated holiday: Republic Day on 2024-01-26
2025-02-13 11:42:02,820 - DEBUG - Updated holiday: Republic Day on 2024-01-26
2025-02-13 11:42:02,820 - DEBUG - Calling update_holiday_entry to seed the holidays as the app starts
2025-02-13 11:42:02,820 - DEBUG - Calling update_holiday_entry to seed the holidays as the app starts
2025-02-13 11:42:03,325 - DEBUG - Updated holiday: Holi on 2024-03-25
2025-02-13 11:42:03,325 - DEBUG - Updated holiday: Holi on 2024-03-25
2025-02-13 11:42:03,325 - DEBUG - Calling update_holiday_entry to seed the holidays as the app starts
2025-02-13 11:42:03,325 - DEBUG - Calling update_holiday_entry to seed the holidays as the app starts
2025-02-13 11:42:03,826 - DEBUG - Updated holiday: Good Friday on 2024-03-29
2025-02-13 11:42:03,826 - DEBUG - Updated holiday: Good Friday on 2024-03-29
2025-02-13 11:42:03,827 - DEBUG - Calling update_holiday_entry to seed the holidays as the app starts
2025-02-13 11:42:03,827 - DEBUG - Calling update_holiday_entry to seed the holidays as the app starts
2025-02-13 11:42:04,322 - DEBUG - Updated holiday: Telugu New Year's Day on 2024-04-09
2025-02-13 11:42:04,322 - DEBUG - Updated holiday: Telugu New Year's Day on 2024-04-09
2025-02-13 11:42:04,322 - DEBUG - Calling update_holiday_entry to seed the holidays as the app starts
2025-02-13 11:42:04,322 - DEBUG - Calling update_holiday_entry to seed the holidays as the app starts
2025-02-13 11:42:04,817 - DEBUG - Updated holiday: Ramzan on 2024-04-11
2025-02-13 11:42:04,817 - DEBUG - Updated holiday: Ramzan on 2024-04-11
2025-02-13 11:42:04,818 - DEBUG - Calling update_holiday_entry to seed the holidays as the app starts
2025-02-13 11:42:04,818 - DEBUG - Calling update_holiday_entry to seed the holidays as the app starts
2025-02-13 11:42:05,308 - DEBUG - Updated holiday: Tamil New Year/BR Ambedkar Birthday on 2024-04-14
2025-02-13 11:42:05,308 - DEBUG - Updated holiday: Tamil New Year/BR Ambedkar Birthday on 2024-04-14
2025-02-13 11:42:05,309 - DEBUG - Calling update_holiday_entry to seed the holidays as the app starts
2025-02-13 11:42:05,309 - DEBUG - Calling update_holiday_entry to seed the holidays as the app starts
2025-02-13 11:42:05,800 - DEBUG - Updated holiday: May Day on 2024-05-01
2025-02-13 11:42:05,800 - DEBUG - Updated holiday: May Day on 2024-05-01
2025-02-13 11:42:05,801 - DEBUG - Calling update_holiday_entry to seed the holidays as the app starts
2025-02-13 11:42:05,801 - DEBUG - Calling update_holiday_entry to seed the holidays as the app starts
2025-02-13 11:42:06,291 - DEBUG - Updated holiday: Bakrid on 2024-06-17
2025-02-13 11:42:06,291 - DEBUG - Updated holiday: Bakrid on 2024-06-17
2025-02-13 11:42:06,291 - DEBUG - Calling update_holiday_entry to seed the holidays as the app starts
2025-02-13 11:42:06,291 - DEBUG - Calling update_holiday_entry to seed the holidays as the app starts
2025-02-13 11:42:06,787 - DEBUG - Updated holiday: Independence Day on 2024-08-15
2025-02-13 11:42:06,787 - DEBUG - Updated holiday: Independence Day on 2024-08-15
2025-02-13 11:42:06,787 - DEBUG - Calling update_holiday_entry to seed the holidays as the app starts
2025-02-13 11:42:06,787 - DEBUG - Calling update_holiday_entry to seed the holidays as the app starts
2025-02-13 11:42:07,283 - DEBUG - Updated holiday: Krishna Jayanthi on 2024-08-26
2025-02-13 11:42:07,283 - DEBUG - Updated holiday: Krishna Jayanthi on 2024-08-26
2025-02-13 11:42:07,283 - DEBUG - Calling update_holiday_entry to seed the holidays as the app starts
2025-02-13 11:42:07,283 - DEBUG - Calling update_holiday_entry to seed the holidays as the app starts
2025-02-13 11:42:07,777 - DEBUG - Updated holiday: Vinayakar Chathurthi on 2024-09-07
2025-02-13 11:42:07,777 - DEBUG - Updated holiday: Vinayakar Chathurthi on 2024-09-07
2025-02-13 11:42:07,777 - DEBUG - Calling update_holiday_entry to seed the holidays as the app starts
2025-02-13 11:42:07,777 - DEBUG - Calling update_holiday_entry to seed the holidays as the app starts
2025-02-13 11:42:08,272 - DEBUG - Updated holiday: Milad-un-Nabi on 2024-09-16
2025-02-13 11:42:08,272 - DEBUG - Updated holiday: Milad-un-Nabi on 2024-09-16
2025-02-13 11:42:08,272 - DEBUG - Calling update_holiday_entry to seed the holidays as the app starts
2025-02-13 11:42:08,272 - DEBUG - Calling update_holiday_entry to seed the holidays as the app starts
2025-02-13 11:42:08,772 - DEBUG - Updated holiday: Gandhi Jayanthi,NATIONAL on 2024-10-02
2025-02-13 11:42:08,772 - DEBUG - Updated holiday: Gandhi Jayanthi,NATIONAL on 2024-10-02
2025-02-13 11:42:08,772 - DEBUG - Calling update_holiday_entry to seed the holidays as the app starts
2025-02-13 11:42:08,772 - DEBUG - Calling update_holiday_entry to seed the holidays as the app starts
2025-02-13 11:42:09,259 - DEBUG - Updated holiday: Ayutha Pooja on 2024-10-11
2025-02-13 11:42:09,259 - DEBUG - Updated holiday: Ayutha Pooja on 2024-10-11
2025-02-13 11:42:09,259 - DEBUG - Calling update_holiday_entry to seed the holidays as the app starts
2025-02-13 11:42:09,259 - DEBUG - Calling update_holiday_entry to seed the holidays as the app starts
2025-02-13 11:42:09,768 - DEBUG - Updated holiday: Diwali on 2024-10-31
2025-02-13 11:42:09,768 - DEBUG - Updated holiday: Diwali on 2024-10-31
2025-02-13 11:42:09,769 - DEBUG - Calling update_holiday_entry to seed the holidays as the app starts
2025-02-13 11:42:09,769 - DEBUG - Calling update_holiday_entry to seed the holidays as the app starts
2025-02-13 11:42:10,259 - DEBUG - Updated holiday: Christmas on 2024-12-25
2025-02-13 11:42:10,259 - DEBUG - Updated holiday: Christmas on 2024-12-25
2025-02-13 11:42:10,259 - DEBUG - Calling update_holiday_entry to seed the holidays as the app starts
2025-02-13 11:42:10,259 - DEBUG - Calling update_holiday_entry to seed the holidays as the app starts
2025-02-13 11:42:10,259 - DEBUG - Seeding Mongo DB!!: None
2025-02-13 11:42:10,259 - DEBUG - Seeding Mongo DB!!: None
2025-02-13 11:42:11,880 - DEBUG - Session has been stored for siva_subramaniyan@comcast.com:Sivasubramaniyan K
2025-02-13 11:42:11,880 - DEBUG - Session has been stored for siva_subramaniyan@comcast.com:Sivasubramaniyan K
2025-02-13 11:42:12,407 - DEBUG - Invoking get_managers function to get the list of managers!!
2025-02-13 11:42:12,407 - DEBUG - Invoking get_managers function to get the list of managers!!
2025-02-13 11:42:12,907 - DEBUG - Invoking get_teams function to get list of teams
2025-02-13 11:42:12,907 - DEBUG - Invoking get_teams function to get list of teams
2025-02-13 11:42:13,436 - DEBUG - Invoking get_privilege function to get the admin details!!
2025-02-13 11:42:13,436 - DEBUG - Invoking get_privilege function to get the admin details!!
2025-02-13 11:42:13,703 - DEBUG - Invoking get_fullholiday_data to get all the holiday lists!!
2025-02-13 11:42:13,703 - DEBUG - Invoking get_fullholiday_data to get all the holiday lists!!
2025-02-13 11:42:13,954 - DEBUG - Invoking get_pending_leaves function to get all the pending leaves for approval!!
2025-02-13 11:42:13,954 - DEBUG - Invoking get_pending_leaves function to get all the pending leaves for approval!!
2025-02-13 11:42:13,954 - DEBUG - Pending leave requests has been saved in the session
2025-02-13 11:42:13,954 - DEBUG - Pending leave requests has been saved in the session
2025-02-13 11:42:14,201 - DEBUG - The user logged in found to be a normal user!!
2025-02-13 11:42:14,201 - DEBUG - The user logged in found to be a normal user!!
2025-02-13 11:43:11,766 - DEBUG - Attempting to connect to mongodb://mongoUser:EEczLZF0Jx@apa-svc-6c3a4bd7-53c6-43ce-afdf-6668d507b898.apps.apa.comcast.net:27017/mongoDb
2025-02-13 11:43:17,036 - DEBUG - Updated holiday: New Year's Day on 2024-01-01
2025-02-13 11:43:17,036 - DEBUG - Updated holiday: New Year's Day on 2024-01-01
2025-02-13 11:43:17,039 - DEBUG - Calling update_holiday_entry to seed the holidays as the app starts
2025-02-13 11:43:17,039 - DEBUG - Calling update_holiday_entry to seed the holidays as the app starts
2025-02-13 11:43:17,550 - DEBUG - Updated holiday: PONGAL on 2024-01-15
2025-02-13 11:43:17,550 - DEBUG - Updated holiday: PONGAL on 2024-01-15
2025-02-13 11:43:17,552 - DEBUG - Calling update_holiday_entry to seed the holidays as the app starts
2025-02-13 11:43:17,552 - DEBUG - Calling update_holiday_entry to seed the holidays as the app starts
2025-02-13 11:43:18,049 - DEBUG - Updated holiday: Thiruvalluvar Day on 2024-01-16
2025-02-13 11:43:18,049 - DEBUG - Updated holiday: Thiruvalluvar Day on 2024-01-16
2025-02-13 11:43:18,050 - DEBUG - Calling update_holiday_entry to seed the holidays as the app starts
2025-02-13 11:43:18,050 - DEBUG - Calling update_holiday_entry to seed the holidays as the app starts
2025-02-13 11:43:18,543 - DEBUG - Updated holiday: Republic Day on 2024-01-26
2025-02-13 11:43:18,543 - DEBUG - Updated holiday: Republic Day on 2024-01-26
2025-02-13 11:43:18,544 - DEBUG - Calling update_holiday_entry to seed the holidays as the app starts
2025-02-13 11:43:18,544 - DEBUG - Calling update_holiday_entry to seed the holidays as the app starts
2025-02-13 11:43:19,056 - DEBUG - Updated holiday: Holi on 2024-03-25
2025-02-13 11:43:19,056 - DEBUG - Updated holiday: Holi on 2024-03-25
2025-02-13 11:43:19,056 - DEBUG - Calling update_holiday_entry to seed the holidays as the app starts
2025-02-13 11:43:19,056 - DEBUG - Calling update_holiday_entry to seed the holidays as the app starts
2025-02-13 11:43:19,562 - DEBUG - Updated holiday: Good Friday on 2024-03-29
2025-02-13 11:43:19,562 - DEBUG - Updated holiday: Good Friday on 2024-03-29
2025-02-13 11:43:19,563 - DEBUG - Calling update_holiday_entry to seed the holidays as the app starts
2025-02-13 11:43:19,563 - DEBUG - Calling update_holiday_entry to seed the holidays as the app starts
2025-02-13 11:43:20,082 - DEBUG - Updated holiday: Telugu New Year's Day on 2024-04-09
2025-02-13 11:43:20,082 - DEBUG - Updated holiday: Telugu New Year's Day on 2024-04-09
2025-02-13 11:43:20,082 - DEBUG - Calling update_holiday_entry to seed the holidays as the app starts
2025-02-13 11:43:20,082 - DEBUG - Calling update_holiday_entry to seed the holidays as the app starts
2025-02-13 11:43:20,580 - DEBUG - Updated holiday: Ramzan on 2024-04-11
2025-02-13 11:43:20,580 - DEBUG - Updated holiday: Ramzan on 2024-04-11
2025-02-13 11:43:20,581 - DEBUG - Calling update_holiday_entry to seed the holidays as the app starts
2025-02-13 11:43:20,581 - DEBUG - Calling update_holiday_entry to seed the holidays as the app starts
2025-02-13 11:43:21,076 - DEBUG - Updated holiday: Tamil New Year/BR Ambedkar Birthday on 2024-04-14
2025-02-13 11:43:21,076 - DEBUG - Updated holiday: Tamil New Year/BR Ambedkar Birthday on 2024-04-14
2025-02-13 11:43:21,076 - DEBUG - Calling update_holiday_entry to seed the holidays as the app starts
2025-02-13 11:43:21,076 - DEBUG - Calling update_holiday_entry to seed the holidays as the app starts
2025-02-13 11:43:22,054 - DEBUG - Updated holiday: May Day on 2024-05-01
2025-02-13 11:43:22,054 - DEBUG - Updated holiday: May Day on 2024-05-01
2025-02-13 11:43:22,056 - DEBUG - Calling update_holiday_entry to seed the holidays as the app starts
2025-02-13 11:43:22,056 - DEBUG - Calling update_holiday_entry to seed the holidays as the app starts
2025-02-13 11:43:22,552 - DEBUG - Updated holiday: Bakrid on 2024-06-17
2025-02-13 11:43:22,552 - DEBUG - Updated holiday: Bakrid on 2024-06-17
2025-02-13 11:43:22,552 - DEBUG - Calling update_holiday_entry to seed the holidays as the app starts
2025-02-13 11:43:22,552 - DEBUG - Calling update_holiday_entry to seed the holidays as the app starts
2025-02-13 11:43:23,041 - DEBUG - Updated holiday: Independence Day on 2024-08-15
2025-02-13 11:43:23,041 - DEBUG - Updated holiday: Independence Day on 2024-08-15
2025-02-13 11:43:23,042 - DEBUG - Calling update_holiday_entry to seed the holidays as the app starts
2025-02-13 11:43:23,042 - DEBUG - Calling update_holiday_entry to seed the holidays as the app starts
2025-02-13 11:43:23,539 - DEBUG - Updated holiday: Krishna Jayanthi on 2024-08-26
2025-02-13 11:43:23,539 - DEBUG - Updated holiday: Krishna Jayanthi on 2024-08-26
2025-02-13 11:43:23,540 - DEBUG - Calling update_holiday_entry to seed the holidays as the app starts
2025-02-13 11:43:23,540 - DEBUG - Calling update_holiday_entry to seed the holidays as the app starts
2025-02-13 11:43:24,044 - DEBUG - Updated holiday: Vinayakar Chathurthi on 2024-09-07
2025-02-13 11:43:24,044 - DEBUG - Updated holiday: Vinayakar Chathurthi on 2024-09-07
2025-02-13 11:43:24,044 - DEBUG - Calling update_holiday_entry to seed the holidays as the app starts
2025-02-13 11:43:24,044 - DEBUG - Calling update_holiday_entry to seed the holidays as the app starts
2025-02-13 11:43:24,538 - DEBUG - Updated holiday: Milad-un-Nabi on 2024-09-16
2025-02-13 11:43:24,538 - DEBUG - Updated holiday: Milad-un-Nabi on 2024-09-16
2025-02-13 11:43:24,538 - DEBUG - Calling update_holiday_entry to seed the holidays as the app starts
2025-02-13 11:43:24,538 - DEBUG - Calling update_holiday_entry to seed the holidays as the app starts
2025-02-13 11:43:25,052 - DEBUG - Updated holiday: Gandhi Jayanthi,NATIONAL on 2024-10-02
2025-02-13 11:43:25,052 - DEBUG - Updated holiday: Gandhi Jayanthi,NATIONAL on 2024-10-02
2025-02-13 11:43:25,052 - DEBUG - Calling update_holiday_entry to seed the holidays as the app starts
2025-02-13 11:43:25,052 - DEBUG - Calling update_holiday_entry to seed the holidays as the app starts
2025-02-13 11:43:25,553 - DEBUG - Updated holiday: Ayutha Pooja on 2024-10-11
2025-02-13 11:43:25,553 - DEBUG - Updated holiday: Ayutha Pooja on 2024-10-11
2025-02-13 11:43:25,553 - DEBUG - Calling update_holiday_entry to seed the holidays as the app starts
2025-02-13 11:43:25,553 - DEBUG - Calling update_holiday_entry to seed the holidays as the app starts
2025-02-13 11:43:26,046 - DEBUG - Updated holiday: Diwali on 2024-10-31
2025-02-13 11:43:26,046 - DEBUG - Updated holiday: Diwali on 2024-10-31
2025-02-13 11:43:26,047 - DEBUG - Calling update_holiday_entry to seed the holidays as the app starts
2025-02-13 11:43:26,047 - DEBUG - Calling update_holiday_entry to seed the holidays as the app starts
2025-02-13 11:43:26,540 - DEBUG - Updated holiday: Christmas on 2024-12-25
2025-02-13 11:43:26,540 - DEBUG - Updated holiday: Christmas on 2024-12-25
2025-02-13 11:43:26,540 - DEBUG - Calling update_holiday_entry to seed the holidays as the app starts
2025-02-13 11:43:26,540 - DEBUG - Calling update_holiday_entry to seed the holidays as the app starts
2025-02-13 11:43:26,541 - DEBUG - Seeding Mongo DB!!: None
2025-02-13 11:43:26,541 - DEBUG - Seeding Mongo DB!!: None
2025-02-13 11:43:28,220 - DEBUG - Session has been stored for siva_subramaniyan@comcast.com:Sivasubramaniyan K
2025-02-13 11:43:28,220 - DEBUG - Session has been stored for siva_subramaniyan@comcast.com:Sivasubramaniyan K
2025-02-13 11:43:28,709 - DEBUG - Invoking get_managers function to get the list of managers!!
2025-02-13 11:43:28,709 - DEBUG - Invoking get_managers function to get the list of managers!!
2025-02-13 11:43:29,202 - DEBUG - Invoking get_teams function to get list of teams
2025-02-13 11:43:29,202 - DEBUG - Invoking get_teams function to get list of teams
2025-02-13 11:43:29,701 - DEBUG - Invoking get_privilege function to get the admin details!!
2025-02-13 11:43:29,701 - DEBUG - Invoking get_privilege function to get the admin details!!
2025-02-13 11:43:29,947 - DEBUG - Invoking get_fullholiday_data to get all the holiday lists!!
2025-02-13 11:43:29,947 - DEBUG - Invoking get_fullholiday_data to get all the holiday lists!!
2025-02-13 11:43:30,194 - DEBUG - Invoking get_pending_leaves function to get all the pending leaves for approval!!
2025-02-13 11:43:30,194 - DEBUG - Invoking get_pending_leaves function to get all the pending leaves for approval!!
2025-02-13 11:43:30,194 - DEBUG - Pending leave requests has been saved in the session
2025-02-13 11:43:30,194 - DEBUG - Pending leave requests has been saved in the session
2025-02-13 11:43:30,445 - DEBUG - The user logged in found to be a normal user!!
2025-02-13 11:43:30,445 - DEBUG - The user logged in found to be a normal user!!
2025-02-13 11:46:27,856 - DEBUG - Leave applied on 2025-02-06 successfully for the user siva_subramaniyan@comcast.com
2025-02-13 11:46:27,856 - DEBUG - Leave applied on 2025-02-06 successfully for the user siva_subramaniyan@comcast.com
2025-02-13 11:47:23,981 - DEBUG - Session has been stored for siva_subramaniyan@comcast.com:Sivasubramaniyan K
2025-02-13 11:47:23,981 - DEBUG - Session has been stored for siva_subramaniyan@comcast.com:Sivasubramaniyan K
2025-02-13 11:47:24,477 - DEBUG - Invoking get_managers function to get the list of managers!!
2025-02-13 11:47:24,477 - DEBUG - Invoking get_managers function to get the list of managers!!
2025-02-13 11:47:24,968 - DEBUG - Invoking get_teams function to get list of teams
2025-02-13 11:47:24,968 - DEBUG - Invoking get_teams function to get list of teams
2025-02-13 11:47:25,472 - DEBUG - Invoking get_privilege function to get the admin details!!
2025-02-13 11:47:25,472 - DEBUG - Invoking get_privilege function to get the admin details!!
2025-02-13 11:47:25,722 - DEBUG - Invoking get_fullholiday_data to get all the holiday lists!!
2025-02-13 11:47:25,722 - DEBUG - Invoking get_fullholiday_data to get all the holiday lists!!
2025-02-13 11:47:25,974 - DEBUG - Invoking get_pending_leaves function to get all the pending leaves for approval!!
2025-02-13 11:47:25,974 - DEBUG - Invoking get_pending_leaves function to get all the pending leaves for approval!!
2025-02-13 11:47:25,975 - DEBUG - Pending leave requests has been saved in the session
2025-02-13 11:47:25,975 - DEBUG - Pending leave requests has been saved in the session
2025-02-13 11:47:26,221 - DEBUG - The user logged in is found to be admin!!
2025-02-13 11:47:26,221 - DEBUG - The user logged in is found to be admin!!
2025-02-13 11:47:43,560 - DEBUG - Session has been stored for siva_subramaniyan@comcast.com:Sivasubramaniyan K
2025-02-13 11:47:43,560 - DEBUG - Session has been stored for siva_subramaniyan@comcast.com:Sivasubramaniyan K
2025-02-13 11:47:44,049 - DEBUG - Invoking get_managers function to get the list of managers!!
2025-02-13 11:47:44,049 - DEBUG - Invoking get_managers function to get the list of managers!!
2025-02-13 11:47:44,538 - DEBUG - Invoking get_teams function to get list of teams
2025-02-13 11:47:44,538 - DEBUG - Invoking get_teams function to get list of teams
2025-02-13 11:47:45,032 - DEBUG - Invoking get_privilege function to get the admin details!!
2025-02-13 11:47:45,032 - DEBUG - Invoking get_privilege function to get the admin details!!
2025-02-13 11:47:45,277 - DEBUG - Invoking get_fullholiday_data to get all the holiday lists!!
2025-02-13 11:47:45,277 - DEBUG - Invoking get_fullholiday_data to get all the holiday lists!!
2025-02-13 11:47:45,521 - DEBUG - Invoking get_pending_leaves function to get all the pending leaves for approval!!
2025-02-13 11:47:45,521 - DEBUG - Invoking get_pending_leaves function to get all the pending leaves for approval!!
2025-02-13 11:47:45,521 - DEBUG - Pending leave requests has been saved in the session
2025-02-13 11:47:45,521 - DEBUG - Pending leave requests has been saved in the session
2025-02-13 11:47:45,765 - DEBUG - The user logged in is found to be admin!!
2025-02-13 11:47:45,765 - DEBUG - The user logged in is found to be admin!!
2025-02-13 14:26:25,055 - DEBUG - Attempting to connect to mongodb://mongoUser:EEczLZF0Jx@apa-svc-6c3a4bd7-53c6-43ce-afdf-6668d507b898.apps.apa.comcast.net:27017/mongoDb
2025-02-13 14:26:29,956 - DEBUG - Updated holiday: New Year's Day on 2024-01-01
2025-02-13 14:26:29,956 - DEBUG - Updated holiday: New Year's Day on 2024-01-01
2025-02-13 14:26:29,957 - DEBUG - Calling update_holiday_entry to seed the holidays as the app starts
2025-02-13 14:26:29,957 - DEBUG - Calling update_holiday_entry to seed the holidays as the app starts
2025-02-13 14:26:30,406 - DEBUG - Updated holiday: PONGAL on 2024-01-15
2025-02-13 14:26:30,406 - DEBUG - Updated holiday: PONGAL on 2024-01-15
2025-02-13 14:26:30,407 - DEBUG - Calling update_holiday_entry to seed the holidays as the app starts
2025-02-13 14:26:30,407 - DEBUG - Calling update_holiday_entry to seed the holidays as the app starts
2025-02-13 14:26:30,859 - DEBUG - Updated holiday: Thiruvalluvar Day on 2024-01-16
2025-02-13 14:26:30,859 - DEBUG - Updated holiday: Thiruvalluvar Day on 2024-01-16
2025-02-13 14:26:30,860 - DEBUG - Calling update_holiday_entry to seed the holidays as the app starts
2025-02-13 14:26:30,860 - DEBUG - Calling update_holiday_entry to seed the holidays as the app starts
2025-02-13 14:26:31,311 - DEBUG - Updated holiday: Republic Day on 2024-01-26
2025-02-13 14:26:31,311 - DEBUG - Updated holiday: Republic Day on 2024-01-26
2025-02-13 14:26:31,312 - DEBUG - Calling update_holiday_entry to seed the holidays as the app starts
2025-02-13 14:26:31,312 - DEBUG - Calling update_holiday_entry to seed the holidays as the app starts
2025-02-13 14:26:31,762 - DEBUG - Updated holiday: Holi on 2024-03-25
2025-02-13 14:26:31,762 - DEBUG - Updated holiday: Holi on 2024-03-25
2025-02-13 14:26:31,763 - DEBUG - Calling update_holiday_entry to seed the holidays as the app starts
2025-02-13 14:26:31,763 - DEBUG - Calling update_holiday_entry to seed the holidays as the app starts
2025-02-13 14:26:32,213 - DEBUG - Updated holiday: Good Friday on 2024-03-29
2025-02-13 14:26:32,213 - DEBUG - Updated holiday: Good Friday on 2024-03-29
2025-02-13 14:26:32,214 - DEBUG - Calling update_holiday_entry to seed the holidays as the app starts
2025-02-13 14:26:32,214 - DEBUG - Calling update_holiday_entry to seed the holidays as the app starts
2025-02-13 14:26:32,663 - DEBUG - Updated holiday: Telugu New Year's Day on 2024-04-09
2025-02-13 14:26:32,663 - DEBUG - Updated holiday: Telugu New Year's Day on 2024-04-09
2025-02-13 14:26:32,663 - DEBUG - Calling update_holiday_entry to seed the holidays as the app starts
2025-02-13 14:26:32,663 - DEBUG - Calling update_holiday_entry to seed the holidays as the app starts
2025-02-13 14:26:33,118 - DEBUG - Updated holiday: Ramzan on 2024-04-11
2025-02-13 14:26:33,118 - DEBUG - Updated holiday: Ramzan on 2024-04-11
2025-02-13 14:26:33,118 - DEBUG - Calling update_holiday_entry to seed the holidays as the app starts
2025-02-13 14:26:33,118 - DEBUG - Calling update_holiday_entry to seed the holidays as the app starts
2025-02-13 14:26:33,578 - DEBUG - Updated holiday: Tamil New Year/BR Ambedkar Birthday on 2024-04-14
2025-02-13 14:26:33,578 - DEBUG - Updated holiday: Tamil New Year/BR Ambedkar Birthday on 2024-04-14
2025-02-13 14:26:33,580 - DEBUG - Calling update_holiday_entry to seed the holidays as the app starts
2025-02-13 14:26:33,580 - DEBUG - Calling update_holiday_entry to seed the holidays as the app starts
2025-02-13 14:26:34,048 - DEBUG - Updated holiday: May Day on 2024-05-01
2025-02-13 14:26:34,048 - DEBUG - Updated holiday: May Day on 2024-05-01
2025-02-13 14:26:34,048 - DEBUG - Calling update_holiday_entry to seed the holidays as the app starts
2025-02-13 14:26:34,048 - DEBUG - Calling update_holiday_entry to seed the holidays as the app starts
2025-02-13 14:26:34,501 - DEBUG - Updated holiday: Bakrid on 2024-06-17
2025-02-13 14:26:34,501 - DEBUG - Updated holiday: Bakrid on 2024-06-17
2025-02-13 14:26:34,502 - DEBUG - Calling update_holiday_entry to seed the holidays as the app starts
2025-02-13 14:26:34,502 - DEBUG - Calling update_holiday_entry to seed the holidays as the app starts
2025-02-13 14:26:34,957 - DEBUG - Updated holiday: Independence Day on 2024-08-15
2025-02-13 14:26:34,957 - DEBUG - Updated holiday: Independence Day on 2024-08-15
2025-02-13 14:26:34,957 - DEBUG - Calling update_holiday_entry to seed the holidays as the app starts
2025-02-13 14:26:34,957 - DEBUG - Calling update_holiday_entry to seed the holidays as the app starts
2025-02-13 14:26:35,406 - DEBUG - Updated holiday: Krishna Jayanthi on 2024-08-26
2025-02-13 14:26:35,406 - DEBUG - Updated holiday: Krishna Jayanthi on 2024-08-26
2025-02-13 14:26:35,407 - DEBUG - Calling update_holiday_entry to seed the holidays as the app starts
2025-02-13 14:26:35,407 - DEBUG - Calling update_holiday_entry to seed the holidays as the app starts
2025-02-13 14:26:35,867 - DEBUG - Updated holiday: Vinayakar Chathurthi on 2024-09-07
2025-02-13 14:26:35,867 - DEBUG - Updated holiday: Vinayakar Chathurthi on 2024-09-07
2025-02-13 14:26:35,867 - DEBUG - Calling update_holiday_entry to seed the holidays as the app starts
2025-02-13 14:26:35,867 - DEBUG - Calling update_holiday_entry to seed the holidays as the app starts
2025-02-13 14:26:36,321 - DEBUG - Updated holiday: Milad-un-Nabi on 2024-09-16
2025-02-13 14:26:36,321 - DEBUG - Updated holiday: Milad-un-Nabi on 2024-09-16
2025-02-13 14:26:36,322 - DEBUG - Calling update_holiday_entry to seed the holidays as the app starts
2025-02-13 14:26:36,322 - DEBUG - Calling update_holiday_entry to seed the holidays as the app starts
2025-02-13 14:26:36,771 - DEBUG - Updated holiday: Gandhi Jayanthi,NATIONAL on 2024-10-02
2025-02-13 14:26:36,771 - DEBUG - Updated holiday: Gandhi Jayanthi,NATIONAL on 2024-10-02
2025-02-13 14:26:36,772 - DEBUG - Calling update_holiday_entry to seed the holidays as the app starts
2025-02-13 14:26:36,772 - DEBUG - Calling update_holiday_entry to seed the holidays as the app starts
2025-02-13 14:26:37,669 - DEBUG - Updated holiday: Ayutha Pooja on 2024-10-11
2025-02-13 14:26:37,669 - DEBUG - Updated holiday: Ayutha Pooja on 2024-10-11
2025-02-13 14:26:37,669 - DEBUG - Calling update_holiday_entry to seed the holidays as the app starts
2025-02-13 14:26:37,669 - DEBUG - Calling update_holiday_entry to seed the holidays as the app starts
2025-02-13 14:26:38,130 - DEBUG - Updated holiday: Diwali on 2024-10-31
2025-02-13 14:26:38,130 - DEBUG - Updated holiday: Diwali on 2024-10-31
2025-02-13 14:26:38,131 - DEBUG - Calling update_holiday_entry to seed the holidays as the app starts
2025-02-13 14:26:38,131 - DEBUG - Calling update_holiday_entry to seed the holidays as the app starts
2025-02-13 14:26:38,586 - DEBUG - Updated holiday: Christmas on 2024-12-25
2025-02-13 14:26:38,586 - DEBUG - Updated holiday: Christmas on 2024-12-25
2025-02-13 14:26:38,587 - DEBUG - Calling update_holiday_entry to seed the holidays as the app starts
2025-02-13 14:26:38,587 - DEBUG - Calling update_holiday_entry to seed the holidays as the app starts
2025-02-13 14:26:38,587 - DEBUG - Seeding Mongo DB!!: None
2025-02-13 14:26:38,587 - DEBUG - Seeding Mongo DB!!: None
2025-02-13 14:26:40,399 - DEBUG - Attempting to connect to mongodb://mongoUser:EEczLZF0Jx@apa-svc-6c3a4bd7-53c6-43ce-afdf-6668d507b898.apps.apa.comcast.net:27017/mongoDb
2025-02-13 14:26:45,450 - DEBUG - Updated holiday: New Year's Day on 2024-01-01
2025-02-13 14:26:45,450 - DEBUG - Updated holiday: New Year's Day on 2024-01-01
2025-02-13 14:26:45,450 - DEBUG - Calling update_holiday_entry to seed the holidays as the app starts
2025-02-13 14:26:45,450 - DEBUG - Calling update_holiday_entry to seed the holidays as the app starts
2025-02-13 14:26:45,936 - DEBUG - Updated holiday: PONGAL on 2024-01-15
2025-02-13 14:26:45,936 - DEBUG - Updated holiday: PONGAL on 2024-01-15
2025-02-13 14:26:45,937 - DEBUG - Calling update_holiday_entry to seed the holidays as the app starts
2025-02-13 14:26:45,937 - DEBUG - Calling update_holiday_entry to seed the holidays as the app starts
2025-02-13 14:26:46,402 - DEBUG - Updated holiday: Thiruvalluvar Day on 2024-01-16
2025-02-13 14:26:46,402 - DEBUG - Updated holiday: Thiruvalluvar Day on 2024-01-16
2025-02-13 14:26:46,402 - DEBUG - Calling update_holiday_entry to seed the holidays as the app starts
2025-02-13 14:26:46,402 - DEBUG - Calling update_holiday_entry to seed the holidays as the app starts
2025-02-13 14:26:46,867 - DEBUG - Updated holiday: Republic Day on 2024-01-26
2025-02-13 14:26:46,867 - DEBUG - Updated holiday: Republic Day on 2024-01-26
2025-02-13 14:26:46,867 - DEBUG - Calling update_holiday_entry to seed the holidays as the app starts
2025-02-13 14:26:46,867 - DEBUG - Calling update_holiday_entry to seed the holidays as the app starts
2025-02-13 14:26:47,331 - DEBUG - Updated holiday: Holi on 2024-03-25
2025-02-13 14:26:47,331 - DEBUG - Updated holiday: Holi on 2024-03-25
2025-02-13 14:26:47,331 - DEBUG - Calling update_holiday_entry to seed the holidays as the app starts
2025-02-13 14:26:47,331 - DEBUG - Calling update_holiday_entry to seed the holidays as the app starts
2025-02-13 14:26:47,795 - DEBUG - Updated holiday: Good Friday on 2024-03-29
2025-02-13 14:26:47,795 - DEBUG - Updated holiday: Good Friday on 2024-03-29
2025-02-13 14:26:47,795 - DEBUG - Calling update_holiday_entry to seed the holidays as the app starts
2025-02-13 14:26:47,795 - DEBUG - Calling update_holiday_entry to seed the holidays as the app starts
2025-02-13 14:26:48,247 - DEBUG - Updated holiday: Telugu New Year's Day on 2024-04-09
2025-02-13 14:26:48,247 - DEBUG - Updated holiday: Telugu New Year's Day on 2024-04-09
2025-02-13 14:26:48,247 - DEBUG - Calling update_holiday_entry to seed the holidays as the app starts
2025-02-13 14:26:48,247 - DEBUG - Calling update_holiday_entry to seed the holidays as the app starts
2025-02-13 14:26:48,698 - DEBUG - Updated holiday: Ramzan on 2024-04-11
2025-02-13 14:26:48,698 - DEBUG - Updated holiday: Ramzan on 2024-04-11
2025-02-13 14:26:48,699 - DEBUG - Calling update_holiday_entry to seed the holidays as the app starts
2025-02-13 14:26:48,699 - DEBUG - Calling update_holiday_entry to seed the holidays as the app starts
2025-02-13 14:26:49,157 - DEBUG - Updated holiday: Tamil New Year/BR Ambedkar Birthday on 2024-04-14
2025-02-13 14:26:49,157 - DEBUG - Updated holiday: Tamil New Year/BR Ambedkar Birthday on 2024-04-14
2025-02-13 14:26:49,157 - DEBUG - Calling update_holiday_entry to seed the holidays as the app starts
2025-02-13 14:26:49,157 - DEBUG - Calling update_holiday_entry to seed the holidays as the app starts
2025-02-13 14:26:49,625 - DEBUG - Updated holiday: May Day on 2024-05-01
2025-02-13 14:26:49,625 - DEBUG - Updated holiday: May Day on 2024-05-01
2025-02-13 14:26:49,625 - DEBUG - Calling update_holiday_entry to seed the holidays as the app starts
2025-02-13 14:26:49,625 - DEBUG - Calling update_holiday_entry to seed the holidays as the app starts
2025-02-13 14:26:50,083 - DEBUG - Updated holiday: Bakrid on 2024-06-17
2025-02-13 14:26:50,083 - DEBUG - Updated holiday: Bakrid on 2024-06-17
2025-02-13 14:26:50,083 - DEBUG - Calling update_holiday_entry to seed the holidays as the app starts
2025-02-13 14:26:50,083 - DEBUG - Calling update_holiday_entry to seed the holidays as the app starts
2025-02-13 14:26:50,538 - DEBUG - Updated holiday: Independence Day on 2024-08-15
2025-02-13 14:26:50,538 - DEBUG - Updated holiday: Independence Day on 2024-08-15
2025-02-13 14:26:50,539 - DEBUG - Calling update_holiday_entry to seed the holidays as the app starts
2025-02-13 14:26:50,539 - DEBUG - Calling update_holiday_entry to seed the holidays as the app starts
2025-02-13 14:26:51,002 - DEBUG - Updated holiday: Krishna Jayanthi on 2024-08-26
2025-02-13 14:26:51,002 - DEBUG - Updated holiday: Krishna Jayanthi on 2024-08-26
2025-02-13 14:26:51,002 - DEBUG - Calling update_holiday_entry to seed the holidays as the app starts
2025-02-13 14:26:51,002 - DEBUG - Calling update_holiday_entry to seed the holidays as the app starts
2025-02-13 14:26:51,452 - DEBUG - Updated holiday: Vinayakar Chathurthi on 2024-09-07
2025-02-13 14:26:51,452 - DEBUG - Updated holiday: Vinayakar Chathurthi on 2024-09-07
2025-02-13 14:26:51,453 - DEBUG - Calling update_holiday_entry to seed the holidays as the app starts
2025-02-13 14:26:51,453 - DEBUG - Calling update_holiday_entry to seed the holidays as the app starts
2025-02-13 14:26:51,905 - DEBUG - Updated holiday: Milad-un-Nabi on 2024-09-16
2025-02-13 14:26:51,905 - DEBUG - Updated holiday: Milad-un-Nabi on 2024-09-16
2025-02-13 14:26:51,905 - DEBUG - Calling update_holiday_entry to seed the holidays as the app starts
2025-02-13 14:26:51,905 - DEBUG - Calling update_holiday_entry to seed the holidays as the app starts
2025-02-13 14:26:52,377 - DEBUG - Updated holiday: Gandhi Jayanthi,NATIONAL on 2024-10-02
2025-02-13 14:26:52,377 - DEBUG - Updated holiday: Gandhi Jayanthi,NATIONAL on 2024-10-02
2025-02-13 14:26:52,378 - DEBUG - Calling update_holiday_entry to seed the holidays as the app starts
2025-02-13 14:26:52,378 - DEBUG - Calling update_holiday_entry to seed the holidays as the app starts
2025-02-13 14:26:52,839 - DEBUG - Updated holiday: Ayutha Pooja on 2024-10-11
2025-02-13 14:26:52,839 - DEBUG - Updated holiday: Ayutha Pooja on 2024-10-11
2025-02-13 14:26:52,839 - DEBUG - Calling update_holiday_entry to seed the holidays as the app starts
2025-02-13 14:26:52,839 - DEBUG - Calling update_holiday_entry to seed the holidays as the app starts
2025-02-13 14:26:53,301 - DEBUG - Updated holiday: Diwali on 2024-10-31
2025-02-13 14:26:53,301 - DEBUG - Updated holiday: Diwali on 2024-10-31
2025-02-13 14:26:53,301 - DEBUG - Calling update_holiday_entry to seed the holidays as the app starts
2025-02-13 14:26:53,301 - DEBUG - Calling update_holiday_entry to seed the holidays as the app starts
2025-02-13 14:26:53,754 - DEBUG - Updated holiday: Christmas on 2024-12-25
2025-02-13 14:26:53,754 - DEBUG - Updated holiday: Christmas on 2024-12-25
2025-02-13 14:26:53,755 - DEBUG - Calling update_holiday_entry to seed the holidays as the app starts
2025-02-13 14:26:53,755 - DEBUG - Calling update_holiday_entry to seed the holidays as the app starts
2025-02-13 14:26:53,755 - DEBUG - Seeding Mongo DB!!: None
2025-02-13 14:26:53,755 - DEBUG - Seeding Mongo DB!!: None
2025-02-13 15:00:50,132 - DEBUG - Session has been stored for siva_subramaniyan@comcast.com:Sivasubramaniyan K
2025-02-13 15:00:50,132 - DEBUG - Session has been stored for siva_subramaniyan@comcast.com:Sivasubramaniyan K
2025-02-13 15:00:50,594 - DEBUG - Invoking get_managers function to get the list of managers!!
2025-02-13 15:00:50,594 - DEBUG - Invoking get_managers function to get the list of managers!!
2025-02-13 15:00:51,059 - DEBUG - Invoking get_teams function to get list of teams
2025-02-13 15:00:51,059 - DEBUG - Invoking get_teams function to get list of teams
2025-02-13 15:00:51,513 - DEBUG - Invoking get_privilege function to get the admin details!!
2025-02-13 15:00:51,513 - DEBUG - Invoking get_privilege function to get the admin details!!
2025-02-13 15:00:51,747 - DEBUG - Invoking get_fullholiday_data to get all the holiday lists!!
2025-02-13 15:00:51,747 - DEBUG - Invoking get_fullholiday_data to get all the holiday lists!!
2025-02-13 15:00:51,980 - DEBUG - Invoking get_pending_leaves function to get all the pending leaves for approval!!
2025-02-13 15:00:51,980 - DEBUG - Invoking get_pending_leaves function to get all the pending leaves for approval!!
2025-02-13 15:00:51,982 - DEBUG - Pending leave requests has been saved in the session
2025-02-13 15:00:51,982 - DEBUG - Pending leave requests has been saved in the session
2025-02-13 15:00:52,215 - DEBUG - The user logged in found to be a normal user!!
2025-02-13 15:00:52,215 - DEBUG - The user logged in found to be a normal user!!
2025-02-13 15:02:30,985 - DEBUG - Session has been stored for jayanth_raveendran@comcast.com:Jayanth
2025-02-13 15:02:30,985 - DEBUG - Session has been stored for jayanth_raveendran@comcast.com:Jayanth
2025-02-13 15:02:31,459 - DEBUG - Invoking get_managers function to get the list of managers!!
2025-02-13 15:02:31,459 - DEBUG - Invoking get_managers function to get the list of managers!!
2025-02-13 15:02:31,917 - DEBUG - Invoking get_teams function to get list of teams
2025-02-13 15:02:31,917 - DEBUG - Invoking get_teams function to get list of teams
2025-02-13 15:02:32,367 - DEBUG - Invoking get_privilege function to get the admin details!!
2025-02-13 15:02:32,367 - DEBUG - Invoking get_privilege function to get the admin details!!
2025-02-13 15:02:32,605 - DEBUG - Invoking get_fullholiday_data to get all the holiday lists!!
2025-02-13 15:02:32,605 - DEBUG - Invoking get_fullholiday_data to get all the holiday lists!!
2025-02-13 15:02:32,830 - DEBUG - Invoking get_pending_leaves function to get all the pending leaves for approval!!
2025-02-13 15:02:32,830 - DEBUG - Invoking get_pending_leaves function to get all the pending leaves for approval!!
2025-02-13 15:02:32,830 - DEBUG - Pending leave requests has been saved in the session
2025-02-13 15:02:32,830 - DEBUG - Pending leave requests has been saved in the session
2025-02-13 15:02:33,054 - DEBUG - The user logged in is found to be admin!!
2025-02-13 15:02:33,054 - DEBUG - The user logged in is found to be admin!!
2025-02-13 15:03:07,958 - DEBUG - Session has been stored for jayanth_raveendran@comcast.com:Jayanth
2025-02-13 15:03:07,958 - DEBUG - Session has been stored for jayanth_raveendran@comcast.com:Jayanth
2025-02-13 15:03:08,412 - DEBUG - Invoking get_managers function to get the list of managers!!
2025-02-13 15:03:08,412 - DEBUG - Invoking get_managers function to get the list of managers!!
2025-02-13 15:03:08,885 - DEBUG - Invoking get_teams function to get list of teams
2025-02-13 15:03:08,885 - DEBUG - Invoking get_teams function to get list of teams
2025-02-13 15:03:09,334 - DEBUG - Invoking get_privilege function to get the admin details!!
2025-02-13 15:03:09,334 - DEBUG - Invoking get_privilege function to get the admin details!!
2025-02-13 15:03:09,560 - DEBUG - Invoking get_fullholiday_data to get all the holiday lists!!
2025-02-13 15:03:09,560 - DEBUG - Invoking get_fullholiday_data to get all the holiday lists!!
2025-02-13 15:03:09,785 - DEBUG - Invoking get_pending_leaves function to get all the pending leaves for approval!!
2025-02-13 15:03:09,785 - DEBUG - Invoking get_pending_leaves function to get all the pending leaves for approval!!
2025-02-13 15:03:09,786 - DEBUG - Pending leave requests has been saved in the session
2025-02-13 15:03:09,786 - DEBUG - Pending leave requests has been saved in the session
2025-02-13 15:03:10,009 - DEBUG - The user logged in is found to be admin!!
2025-02-13 15:03:10,009 - DEBUG - The user logged in is found to be admin!!
2025-02-13 15:04:35,369 - DEBUG - Session has been stored for jayanth_raveendran@comcast.com:Jayanth
2025-02-13 15:04:35,369 - DEBUG - Session has been stored for jayanth_raveendran@comcast.com:Jayanth
2025-02-13 15:04:35,833 - DEBUG - Invoking get_managers function to get the list of managers!!
2025-02-13 15:04:35,833 - DEBUG - Invoking get_managers function to get the list of managers!!
2025-02-13 15:04:36,288 - DEBUG - Invoking get_teams function to get list of teams
2025-02-13 15:04:36,288 - DEBUG - Invoking get_teams function to get list of teams
2025-02-13 15:04:36,767 - DEBUG - Invoking get_privilege function to get the admin details!!
2025-02-13 15:04:36,767 - DEBUG - Invoking get_privilege function to get the admin details!!
2025-02-13 15:04:36,995 - DEBUG - Invoking get_fullholiday_data to get all the holiday lists!!
2025-02-13 15:04:36,995 - DEBUG - Invoking get_fullholiday_data to get all the holiday lists!!
2025-02-13 15:04:37,241 - DEBUG - Invoking get_pending_leaves function to get all the pending leaves for approval!!
2025-02-13 15:04:37,241 - DEBUG - Invoking get_pending_leaves function to get all the pending leaves for approval!!
2025-02-13 15:04:37,241 - DEBUG - Pending leave requests has been saved in the session
2025-02-13 15:04:37,241 - DEBUG - Pending leave requests has been saved in the session
2025-02-13 15:04:37,469 - DEBUG - The user logged in is found to be admin!!
2025-02-13 15:04:37,469 - DEBUG - The user logged in is found to be admin!!
2025-02-13 15:05:13,770 - DEBUG - User ID has been successfully created for the user mukesh_kumar4@comcast.com:None
2025-02-13 15:05:13,770 - DEBUG - User ID has been successfully created for the user mukesh_kumar4@comcast.com:None
2025-02-13 15:06:44,225 - DEBUG - User ID has been successfully created for the user mukesh_kumar4@comcast.com:System-Security
2025-02-13 15:06:44,225 - DEBUG - User ID has been successfully created for the user mukesh_kumar4@comcast.com:System-Security
